Timestamp,CO (ppm),NO2 (ppm),CO2 (ppm),TVOC (ppb),PM1 (ug/m3),PM2.5 (ug/m3),PM10 (ug/m3),Temperature (C),Humidity (%),Sound (dB),Occupancy,Position,Room Condition,Room Type,Floor No.,Weather
2023-09-14 12:06:28,$,$,573.0,0.0,10.0,19.0,23.0,32.5,17.2,69.2,10.0,middle,non ac,classroom,3.0,cloudy
2023-09-14 12:06:33,$,$,571.0,0.0,9.0,18.0,22.0,32.5,17.2,76.8,10.0,middle,non ac,classroom,3.0,cloudy
2023-09-14 12:06:39,$,$,571.0,0.0,9.0,18.0,21.0,32.5,17.2,70.1,10.0,middle,non ac,classroom,3.0,cloudy
2023-09-14 12:06:44,$,$,570.0,0.0,9.0,18.0,21.0,32.5,17.2,68.9,12.0,middle,non ac,classroom,3.0,cloudy
2023-09-14 12:06:50,$,$,570.0,0.0,9.0,18.0,19.0,32.5,17.2,71.2,11.0,middle,non ac,classroom,3.0,cloudy
2023-09-14 12:06:56,$,$,569.0,0.0,9.0,18.0,19.0,32.5,17.2,67.4,11.0,middle,non ac,classroom,3.0,cloudy
2023-09-14 12:07:01,$,$,568.0,0.0,7.0,18.0,19.0,32.5,17.2,68.0,11.0,middle,non ac,classroom,3.0,cloudy
2023-09-14 12:07:07,$,$,568.0,0.0,7.0,18.0,19.0,32.5,17.2,77.5,11.0,middle,non ac,classroom,3.0,cloudy
2023-09-14 12:07:12,$,$,568.0,0.0,7.0,18.0,19.0,32.5,17.2,68.6,11.0,middle,non ac,classroom,3.0,cloudy
2023-09-14 12:07:18,$,$,567.0,0.0,7.0,18.0,19.0,32.5,17.2,74.6,11.0,middle,non ac,classroom,3.0,cloudy
2023-09-14 12:07:24,$,$,567.0,0.0,8.0,19.0,20.0,32.6,17.2,70.1,11.0,middle,non ac,classroom,3.0,cloudy
2023-09-14 12:07:29,$,$,566.0,0.0,7.0,18.0,19.0,32.5,17.2,69.0,11.0,middle,non ac,classroom,3.0,cloudy
2023-09-14 12:07:35,$,$,566.0,0.0,9.0,18.0,19.0,32.5,17.2,75.3,11.0,middle,non ac,classroom,3.0,cloudy
2023-09-14 12:07:40,$,$,565.0,0.0,9.0,17.0,19.0,32.6,17.2,71.7,12.0,middle,non ac,classroom,3.0,cloudy
2023-09-14 12:07:46,$,$,565.0,0.0,9.0,17.0,19.0,32.5,17.2,69.6,11.0,middle,non ac,classroom,3.0,cloudy
2023-09-14 12:07:51,$,$,564.0,0.0,9.0,17.0,19.0,32.6,17.2,75.2,11.0,middle,non ac,classroom,3.0,cloudy
2023-09-14 12:07:57,$,$,564.0,0.0,10.0,17.0,18.0,32.6,17.2,69.9,11.0,middle,non ac,classroom,3.0,cloudy
2023-09-14 12:08:03,$,$,563.0,0.0,11.0,18.0,19.0,32.5,17.2,68.0,13.0,middle,non ac,classroom,3.0,cloudy
2023-09-14 12:08:08,$,$,563.0,0.0,11.0,19.0,19.0,32.6,17.2,71.5,14.0,middle,non ac,classroom,3.0,cloudy
2023-09-14 12:08:14,$,$,564.0,0.0,11.0,19.0,19.0,32.6,17.2,67.5,14.0,middle,non ac,classroom,3.0,cloudy
2023-09-14 12:08:19,$,$,564.0,0.0,10.0,19.0,19.0,32.6,17.2,66.5,14.0,middle,non ac,classroom,3.0,cloudy
2023-09-14 12:08:25,$,$,564.0,0.0,9.0,18.0,19.0,32.6,17.2,79.8,14.0,middle,non ac,classroom,3.0,cloudy
2023-09-14 12:08:30,$,$,563.0,0.0,10.0,19.0,20.0,32.6,17.2,70.6,14.0,middle,non ac,classroom,3.0,cloudy
2023-09-14 12:08:36,$,$,564.0,0.0,7.0,18.0,19.0,32.6,17.2,67.5,14.0,middle,non ac,classroom,3.0,cloudy
2023-09-14 12:08:42,$,$,564.0,0.0,8.0,18.0,20.0,32.6,17.2,67.4,14.0,middle,non ac,classroom,3.0,cloudy
2023-09-14 12:08:47,$,$,564.0,0.0,7.0,18.0,19.0,32.6,17.2,67.4,14.0,middle,non ac,classroom,3.0,cloudy
2023-09-14 12:08:53,$,$,564.0,0.0,7.0,17.0,19.0,32.6,17.2,75.9,14.0,middle,non ac,classroom,3.0,cloudy
2023-09-14 12:08:58,$,$,563.0,0.0,6.0,16.0,18.0,32.6,17.2,66.8,14.0,middle,non ac,classroom,3.0,cloudy
2023-09-14 12:09:04,$,$,563.0,0.0,6.0,15.0,17.0,32.6,17.2,68.0,14.0,middle,non ac,classroom,3.0,cloudy
2023-09-14 12:09:10,$,$,563.0,0.0,6.0,15.0,17.0,32.6,17.2,74.3,14.0,middle,non ac,classroom,3.0,cloudy
2023-09-14 12:09:15,$,$,563.0,0.0,7.0,16.0,18.0,32.6,17.3,68.6,14.0,middle,non ac,classroom,3.0,cloudy
2023-09-14 12:09:21,$,$,563.0,0.0,6.0,13.0,17.0,32.6,17.3,69.2,14.0,middle,non ac,classroom,3.0,cloudy
2023-09-14 12:09:26,$,$,563.0,0.0,6.0,13.0,18.0,32.6,17.2,73.2,14.0,middle,non ac,classroom,3.0,cloudy
2023-09-14 12:09:32,$,$,563.0,0.0,7.0,13.0,18.0,32.6,17.2,68.2,14.0,middle,non ac,classroom,3.0,cloudy
2023-09-14 12:09:37,$,$,562.0,0.0,8.0,14.0,19.0,32.6,17.2,76.2,14.0,middle,non ac,classroom,3.0,cloudy
2023-09-14 12:09:43,$,$,561.0,0.0,8.0,14.0,19.0,32.6,17.2,75.0,13.0,middle,non ac,classroom,3.0,cloudy
2023-09-14 12:09:49,$,$,561.0,0.0,7.0,13.0,18.0,32.6,17.2,68.5,13.0,middle,non ac,classroom,3.0,cloudy
2023-09-14 12:09:54,$,$,560.0,0.0,7.0,13.0,18.0,32.6,17.2,76.1,12.0,middle,non ac,classroom,3.0,cloudy
2023-09-14 12:10:00,$,$,558.0,0.0,7.0,13.0,18.0,32.6,17.2,68.5,12.0,middle,non ac,classroom,3.0,cloudy
2023-09-14 12:10:05,$,$,557.0,0.0,8.0,14.0,19.0,32.6,17.3,70.6,12.0,middle,non ac,classroom,3.0,cloudy
2023-09-14 12:10:11,$,$,555.0,0.0,8.0,14.0,20.0,32.6,17.2,70.7,12.0,middle,non ac,classroom,3.0,cloudy
2023-09-14 12:10:16,$,$,555.0,0.0,8.0,16.0,20.0,32.6,17.2,70.7,12.0,middle,non ac,classroom,3.0,cloudy
2023-09-14 12:10:22,$,$,552.0,0.0,8.0,17.0,20.0,32.6,17.2,68.6,12.0,middle,non ac,classroom,3.0,cloudy
2023-09-14 12:10:28,$,$,550.0,0.0,7.0,16.0,19.0,32.6,17.2,82.7,12.0,middle,non ac,classroom,3.0,cloudy
2023-09-14 12:10:33,$,$,547.0,0.0,7.0,16.0,19.0,32.6,17.2,67.5,12.0,middle,non ac,classroom,3.0,cloudy
2023-09-14 12:10:39,$,$,545.0,0.0,6.0,16.0,19.0,32.6,17.2,72.8,12.0,middle,non ac,classroom,3.0,cloudy
2023-09-14 12:10:44,$,$,543.0,0.0,6.0,16.0,19.0,32.6,17.2,68.5,12.0,middle,non ac,classroom,3.0,cloudy
2023-09-14 12:10:50,$,$,542.0,0.0,7.0,17.0,20.0,32.6,17.2,67.4,12.0,middle,non ac,classroom,3.0,cloudy
2023-09-14 12:10:56,$,$,540.0,0.0,6.0,16.0,19.0,32.6,17.2,75.9,12.0,middle,non ac,classroom,3.0,cloudy
2023-09-14 12:11:01,$,$,539.0,0.0,6.0,16.0,19.0,32.6,17.2,72.5,12.0,middle,non ac,classroom,3.0,cloudy
2023-09-14 12:11:07,$,$,538.0,0.0,6.0,16.0,19.0,32.6,17.2,68.6,12.0,middle,non ac,classroom,3.0,cloudy
2023-09-14 12:11:12,$,$,537.0,0.0,6.0,16.0,19.0,32.6,17.2,68.3,12.0,middle,non ac,classroom,3.0,cloudy
2023-09-14 12:11:18,$,$,536.0,0.0,6.0,16.0,19.0,32.6,17.2,67.5,13.0,middle,non ac,classroom,3.0,cloudy
2023-09-14 12:11:23,$,$,537.0,0.0,6.0,15.0,18.0,32.6,17.2,68.3,13.0,middle,non ac,classroom,3.0,cloudy
2023-09-14 12:11:29,$,$,537.0,0.0,7.0,15.0,18.0,32.6,17.3,68.6,13.0,middle,non ac,classroom,3.0,cloudy
2023-09-14 12:11:35,$,$,536.0,0.0,7.0,15.0,18.0,32.6,17.2,68.2,12.0,middle,non ac,classroom,3.0,cloudy
2023-09-14 12:11:40,$,$,535.0,0.0,7.0,15.0,18.0,32.6,17.2,77.2,12.0,middle,non ac,classroom,3.0,cloudy
2023-09-14 12:11:46,$,$,535.0,0.0,7.0,15.0,17.0,32.6,17.2,78.0,13.0,middle,non ac,classroom,3.0,cloudy
2023-09-14 12:11:51,$,$,535.0,0.0,6.0,15.0,18.0,32.6,17.2,76.5,13.0,middle,non ac,classroom,3.0,cloudy
2023-09-14 12:11:57,$,$,534.0,0.0,7.0,16.0,18.0,32.6,17.3,75.8,13.0,middle,non ac,classroom,3.0,cloudy
2023-09-14 12:12:02,$,$,534.0,0.0,7.0,14.0,18.0,32.7,17.3,79.0,13.0,middle,non ac,classroom,3.0,cloudy
2023-09-14 12:12:08,$,$,533.0,0.0,6.0,13.0,17.0,32.7,17.3,75.6,13.0,middle,non ac,classroom,3.0,cloudy
2023-09-14 12:12:14,$,$,533.0,0.0,6.0,13.0,16.0,32.6,17.3,79.8,14.0,middle,non ac,classroom,3.0,cloudy
2023-09-14 12:12:19,$,$,533.0,0.0,6.0,12.0,16.0,32.7,17.3,75.1,14.0,middle,non ac,classroom,3.0,cloudy
2023-09-14 12:12:25,$,$,534.0,0.0,6.0,12.0,16.0,32.7,17.3,72.8,14.0,middle,non ac,classroom,3.0,cloudy
2023-09-14 12:12:30,$,$,534.0,0.0,6.0,12.0,16.0,32.6,17.3,86.3,14.0,middle,non ac,classroom,3.0,cloudy
2023-09-14 12:12:36,$,$,534.0,0.0,6.0,13.0,17.0,32.7,17.3,77.8,14.0,middle,non ac,classroom,3.0,cloudy
2023-09-14 12:12:42,$,$,533.0,0.0,6.0,13.0,17.0,32.7,17.3,73.1,14.0,middle,non ac,classroom,3.0,cloudy
2023-09-14 12:12:47,$,$,533.0,0.0,6.0,15.0,18.0,32.7,17.3,78.4,14.0,middle,non ac,classroom,3.0,cloudy
2023-09-14 12:12:53,$,$,532.0,0.0,6.0,15.0,18.0,32.7,17.3,70.1,14.0,middle,non ac,classroom,3.0,cloudy
2023-09-14 12:12:58,$,$,532.0,0.0,6.0,15.0,18.0,32.6,17.3,72.6,14.0,middle,non ac,classroom,3.0,cloudy
2023-09-14 12:13:04,$,$,531.0,0.0,6.0,16.0,19.0,32.6,17.3,72.6,14.0,middle,non ac,classroom,3.0,cloudy
2023-09-14 12:13:09,$,$,530.0,0.0,7.0,16.0,19.0,32.6,17.3,77.8,14.0,middle,non ac,classroom,3.0,cloudy
2023-09-14 12:13:15,$,$,530.0,0.0,7.0,16.0,18.0,32.7,17.2,79.3,14.0,middle,non ac,classroom,3.0,cloudy
2023-09-14 12:13:21,$,$,529.0,0.0,7.0,17.0,18.0,32.6,17.3,75.0,12.0,middle,non ac,classroom,3.0,cloudy
2023-09-14 12:13:26,$,$,529.0,0.0,7.0,17.0,18.0,32.6,17.3,78.7,12.0,middle,non ac,classroom,3.0,cloudy
2023-09-14 12:13:32,$,$,530.0,0.0,7.0,16.0,18.0,32.6,17.3,79.6,12.0,middle,non ac,classroom,3.0,cloudy
2023-09-14 12:13:37,$,$,529.0,0.0,6.0,16.0,18.0,32.7,17.3,70.5,12.0,middle,non ac,classroom,3.0,cloudy
2023-09-14 12:13:43,$,$,529.0,0.0,6.0,16.0,18.0,32.7,17.3,79.8,12.0,middle,non ac,classroom,3.0,cloudy
2023-09-14 12:13:48,$,$,529.0,0.0,7.0,17.0,19.0,32.7,17.3,75.6,12.0,middle,non ac,classroom,3.0,cloudy
2023-09-14 12:13:54,$,$,529.0,0.0,7.0,17.0,19.0,32.6,17.3,75.7,12.0,middle,non ac,classroom,3.0,cloudy
2023-09-14 12:14:00,$,$,529.0,0.0,6.0,17.0,19.0,32.6,17.2,78.4,12.0,middle,non ac,classroom,3.0,cloudy
2023-09-14 12:14:05,$,$,530.0,0.0,6.0,17.0,19.0,32.6,17.3,71.2,12.0,middle,non ac,classroom,3.0,cloudy
2023-09-14 12:14:11,$,$,530.0,0.0,6.0,17.0,19.0,32.6,17.3,73.5,12.0,middle,non ac,classroom,3.0,cloudy
2023-09-14 12:14:16,$,$,530.0,0.0,7.0,17.0,19.0,32.6,17.3,77.5,12.0,middle,non ac,classroom,3.0,cloudy
2023-09-14 12:14:22,$,$,530.0,0.0,7.0,17.0,19.0,32.6,17.3,77.2,12.0,middle,non ac,classroom,3.0,cloudy
2023-09-14 12:14:28,$,$,531.0,0.0,7.0,17.0,19.0,32.6,17.3,70.3,12.0,middle,non ac,classroom,3.0,cloudy
2023-09-14 12:14:33,$,$,531.0,0.0,7.0,18.0,19.0,32.6,17.3,79.3,12.0,middle,non ac,classroom,3.0,cloudy
2023-09-14 12:14:39,$,$,532.0,0.0,7.0,18.0,19.0,32.6,17.3,72.5,12.0,middle,non ac,classroom,3.0,cloudy
2023-09-14 12:14:44,$,$,531.0,0.0,6.0,17.0,18.0,32.6,17.3,74.6,12.0,middle,non ac,classroom,3.0,cloudy
2023-09-14 12:14:50,$,$,531.0,0.0,7.0,18.0,19.0,32.6,17.2,79.6,12.0,middle,non ac,classroom,3.0,cloudy
2023-09-14 12:14:55,$,$,531.0,0.0,7.0,18.0,19.0,32.6,17.2,74.5,12.0,middle,non ac,classroom,3.0,cloudy
2023-09-14 12:15:01,$,$,531.0,0.0,6.0,17.0,18.0,32.6,17.2,78.5,12.0,middle,non ac,classroom,3.0,cloudy
2023-09-14 12:15:07,$,$,532.0,0.0,6.0,17.0,18.0,32.6,17.2,79.6,12.0,middle,non ac,classroom,3.0,cloudy
2023-09-14 12:15:12,$,$,532.0,0.0,7.0,17.0,18.0,32.6,17.3,76.1,12.0,middle,non ac,classroom,3.0,cloudy
2023-09-14 12:15:18,$,$,531.0,0.0,8.0,17.0,18.0,32.6,17.3,78.1,12.0,middle,non ac,classroom,3.0,cloudy
2023-09-14 12:15:23,$,$,531.0,0.0,7.0,16.0,17.0,32.6,17.2,72.8,12.0,middle,non ac,classroom,3.0,cloudy
2023-09-14 12:15:29,$,$,531.0,0.0,8.0,17.0,18.0,32.6,17.2,72.7,12.0,middle,non ac,classroom,3.0,cloudy
2023-09-14 12:15:34,$,$,531.0,0.0,8.0,16.0,18.0,32.6,17.3,78.6,12.0,middle,non ac,classroom,3.0,cloudy
2023-09-14 12:15:40,$,$,532.0,0.0,7.0,15.0,17.0,32.6,17.3,77.1,12.0,middle,non ac,classroom,3.0,cloudy
2023-09-14 12:15:46,$,$,531.0,0.0,8.0,16.0,18.0,32.6,17.2,82.4,12.0,middle,non ac,classroom,3.0,cloudy
2023-09-14 12:15:51,$,$,531.0,0.0,8.0,14.0,18.0,32.6,17.2,77.9,12.0,middle,non ac,classroom,3.0,cloudy
2023-09-14 12:15:57,$,$,531.0,0.0,8.0,14.0,17.0,32.6,17.3,70.9,12.0,middle,non ac,classroom,3.0,cloudy
2023-09-14 12:16:02,$,$,532.0,0.0,8.0,13.0,16.0,32.6,17.3,76.6,12.0,middle,non ac,classroom,3.0,cloudy
2023-09-14 12:16:08,$,$,532.0,0.0,6.0,11.0,15.0,32.6,17.3,73.9,12.0,middle,non ac,classroom,3.0,cloudy
2023-09-14 12:16:14,$,$,533.0,0.0,7.0,12.0,16.0,32.6,17.2,72.9,12.0,middle,non ac,classroom,3.0,cloudy
2023-09-14 12:16:19,$,$,533.0,0.0,8.0,13.0,16.0,32.6,17.3,74.6,12.0,middle,non ac,classroom,3.0,cloudy
2023-09-14 12:16:25,$,$,532.0,0.0,7.0,12.0,15.0,32.6,17.2,78.9,12.0,middle,non ac,classroom,3.0,cloudy
2023-09-14 12:16:30,$,$,531.0,0.0,8.0,13.0,17.0,32.6,17.2,72.1,15.0,middle,non ac,classroom,3.0,cloudy
2023-09-14 12:16:36,$,$,531.0,0.0,8.0,13.0,17.0,32.6,17.2,78.9,15.0,middle,non ac,classroom,3.0,cloudy
2023-09-14 12:16:41,$,$,531.0,0.0,7.0,12.0,16.0,32.6,17.3,71.7,17.0,middle,non ac,classroom,3.0,cloudy
2023-09-14 12:16:47,$,$,531.0,0.0,7.0,12.0,16.0,32.6,17.2,72.8,12.0,middle,non ac,classroom,3.0,cloudy
2023-09-14 12:16:53,$,$,531.0,0.0,7.0,12.0,16.0,32.6,17.2,77.9,12.0,middle,non ac,classroom,3.0,cloudy
2023-09-14 12:16:58,$,$,530.0,0.0,7.0,12.0,17.0,32.6,17.2,76.5,12.0,middle,non ac,classroom,3.0,cloudy
2023-09-14 12:17:04,$,$,530.0,0.0,8.0,13.0,18.0,32.6,17.3,78.1,12.0,middle,non ac,classroom,3.0,cloudy
2023-09-14 12:17:09,$,$,531.0,0.0,7.0,13.0,18.0,32.6,17.2,79.3,12.0,middle,non ac,classroom,3.0,cloudy
2023-09-14 12:17:15,$,$,531.0,0.0,8.0,14.0,19.0,32.6,17.2,77.4,12.0,middle,non ac,classroom,3.0,cloudy
2023-09-14 12:17:20,$,$,531.0,0.0,8.0,14.0,19.0,32.6,17.2,72.3,12.0,middle,non ac,classroom,3.0,cloudy
2023-09-14 12:17:26,$,$,530.0,0.0,8.0,14.0,19.0,32.6,17.2,79.3,12.0,middle,non ac,classroom,3.0,cloudy
2023-09-14 12:17:32,$,$,529.0,0.0,7.0,13.0,18.0,32.6,17.2,76.3,12.0,middle,non ac,classroom,3.0,cloudy
2023-09-14 12:17:37,$,$,529.0,0.0,8.0,14.0,19.0,32.6,17.2,78.6,12.0,middle,non ac,classroom,3.0,cloudy
2023-09-14 12:17:43,$,$,530.0,0.0,8.0,14.0,18.0,32.6,17.2,78.5,11.0,middle,non ac,classroom,3.0,cloudy
2023-09-14 12:17:48,$,$,530.0,0.0,7.0,13.0,18.0,32.6,17.2,85.7,11.0,middle,non ac,classroom,3.0,cloudy
2023-09-14 12:17:54,$,$,530.0,0.0,6.0,12.0,16.0,32.6,17.2,78.6,11.0,middle,non ac,classroom,3.0,cloudy
2023-09-14 12:18:00,$,$,530.0,0.0,6.0,11.0,16.0,32.6,17.2,76.6,11.0,middle,non ac,classroom,3.0,cloudy
2023-09-14 12:18:05,$,$,530.0,0.0,7.0,12.0,18.0,32.6,17.2,73.9,11.0,middle,non ac,classroom,3.0,cloudy
2023-09-14 12:18:11,$,$,531.0,0.0,6.0,11.0,17.0,32.6,17.3,76.7,11.0,middle,non ac,classroom,3.0,cloudy
2023-09-14 12:18:16,$,$,532.0,0.0,6.0,11.0,17.0,32.6,17.2,73.9,11.0,middle,non ac,classroom,3.0,cloudy
2023-09-14 12:18:22,$,$,532.0,0.0,8.0,13.0,19.0,32.6,17.2,72.5,11.0,middle,non ac,classroom,3.0,cloudy
2023-09-14 12:18:27,$,$,532.0,0.0,7.0,12.0,18.0,32.6,17.2,77.1,11.0,middle,non ac,classroom,3.0,cloudy
2023-09-14 12:18:33,$,$,532.0,0.0,8.0,13.0,19.0,32.5,17.2,74.0,11.0,middle,non ac,classroom,3.0,cloudy
2023-09-14 12:18:39,$,$,533.0,0.0,7.0,13.0,19.0,32.6,17.2,79.3,11.0,middle,non ac,classroom,3.0,cloudy
2023-09-14 12:18:44,$,$,533.0,0.0,7.0,13.0,20.0,32.6,17.2,78.7,12.0,middle,non ac,classroom,3.0,cloudy
2023-09-14 12:18:50,$,$,534.0,0.0,7.0,13.0,20.0,32.6,17.2,73.8,13.0,middle,non ac,classroom,3.0,cloudy
2023-09-14 12:18:55,$,$,533.0,0.0,6.0,12.0,19.0,32.6,17.2,75.4,13.0,middle,non ac,classroom,3.0,cloudy
2023-09-14 12:19:01,$,$,532.0,0.0,7.0,13.0,20.0,32.6,17.2,79.4,16.0,middle,non ac,classroom,3.0,cloudy
2023-09-14 12:19:06,$,$,532.0,0.0,7.0,13.0,20.0,32.6,17.2,72.3,16.0,middle,non ac,classroom,3.0,cloudy
2023-09-14 12:19:12,$,$,532.0,0.0,6.0,12.0,19.0,32.5,17.2,77.5,15.0,middle,non ac,classroom,3.0,cloudy
2023-09-14 12:19:18,$,$,533.0,0.0,7.0,13.0,20.0,32.6,17.2,71.9,15.0,middle,non ac,classroom,3.0,cloudy
2023-09-14 12:19:23,$,$,534.0,0.0,6.0,13.0,19.0,32.6,17.2,77.8,15.0,middle,non ac,classroom,3.0,cloudy
2023-09-14 12:19:29,$,$,534.0,0.0,7.0,14.0,20.0,32.6,17.2,78.2,15.0,middle,non ac,classroom,3.0,cloudy
2023-09-14 12:19:34,$,$,533.0,0.0,7.0,13.0,19.0,32.6,17.2,72.1,15.0,middle,non ac,classroom,3.0,cloudy
2023-09-14 12:19:40,$,$,534.0,0.0,8.0,14.0,20.0,32.6,17.3,76.8,15.0,middle,non ac,classroom,3.0,cloudy
2023-09-14 12:19:46,$,$,535.0,0.0,7.0,15.0,19.0,32.6,17.3,78.7,15.0,middle,non ac,classroom,3.0,cloudy
2023-09-14 12:19:51,$,$,535.0,0.0,8.0,16.0,20.0,32.6,17.2,72.6,15.0,middle,non ac,classroom,3.0,cloudy
2023-09-14 12:19:57,$,$,535.0,0.0,6.0,15.0,19.0,32.6,17.3,72.7,15.0,middle,non ac,classroom,3.0,cloudy
2023-09-14 12:20:02,$,$,535.0,0.0,7.0,16.0,20.0,32.6,17.3,78.5,15.0,middle,non ac,classroom,3.0,cloudy
2023-09-14 12:20:08,$,$,535.0,0.0,7.0,16.0,19.0,32.6,17.3,75.7,15.0,middle,non ac,classroom,3.0,cloudy
2023-09-14 12:20:13,$,$,534.0,0.0,6.0,15.0,18.0,32.6,17.2,76.7,15.0,middle,non ac,classroom,3.0,cloudy
2023-09-14 12:20:19,$,$,535.0,0.0,7.0,14.0,19.0,32.6,17.2,80.3,15.0,middle,non ac,classroom,3.0,cloudy
2023-09-14 12:20:25,$,$,535.0,0.0,6.0,14.0,18.0,32.6,17.2,74.2,15.0,middle,non ac,classroom,3.0,cloudy
2023-09-14 12:20:30,$,$,535.0,0.0,5.0,13.0,17.0,32.6,17.2,73.5,15.0,middle,non ac,classroom,3.0,cloudy
2023-09-14 12:20:36,$,$,534.0,0.0,6.0,14.0,18.0,32.6,17.2,75.8,13.0,middle,non ac,classroom,3.0,cloudy
2023-09-14 12:20:41,$,$,534.0,0.0,6.0,13.0,18.0,32.6,17.3,72.3,13.0,middle,non ac,classroom,3.0,cloudy
2023-09-14 12:20:47,$,$,534.0,0.0,6.0,13.0,18.0,32.6,17.2,76.7,13.0,middle,non ac,classroom,3.0,cloudy
2023-09-14 12:20:52,$,$,535.0,0.0,5.0,13.0,17.0,32.6,17.3,75.2,13.0,middle,non ac,classroom,3.0,cloudy
2023-09-14 12:20:58,$,$,535.0,0.0,5.0,13.0,17.0,32.6,17.3,76.7,13.0,middle,non ac,classroom,3.0,cloudy
2023-09-14 12:21:04,$,$,534.0,0.0,5.0,13.0,18.0,32.6,17.3,82.1,13.0,middle,non ac,classroom,3.0,cloudy
2023-09-14 12:21:09,$,$,534.0,0.0,6.0,13.0,18.0,32.6,17.2,77.5,13.0,middle,non ac,classroom,3.0,cloudy
2023-09-14 12:21:15,$,$,534.0,0.0,6.0,12.0,18.0,32.6,17.2,72.4,13.0,middle,non ac,classroom,3.0,cloudy
2023-09-14 12:21:20,$,$,535.0,0.0,6.0,12.0,18.0,32.6,17.2,77.0,13.0,middle,non ac,classroom,3.0,cloudy
2023-09-14 12:21:26,$,$,535.0,0.0,6.0,12.0,18.0,32.6,17.3,71.2,13.0,middle,non ac,classroom,3.0,cloudy
2023-09-14 12:21:32,$,$,536.0,0.0,7.0,12.0,18.0,32.6,17.2,72.1,13.0,middle,non ac,classroom,3.0,cloudy
2023-09-14 12:21:37,$,$,536.0,0.0,7.0,12.0,18.0,32.6,17.2,80.6,13.0,middle,non ac,classroom,3.0,cloudy
2023-09-14 12:21:43,$,$,536.0,0.0,8.0,13.0,19.0,32.6,17.2,78.1,13.0,middle,non ac,classroom,3.0,cloudy
2023-09-14 12:21:48,$,$,537.0,0.0,7.0,11.0,18.0,32.6,17.2,72.8,13.0,middle,non ac,classroom,3.0,cloudy
2023-09-14 12:21:54,$,$,539.0,0.0,7.0,11.0,18.0,32.6,17.2,79.1,13.0,middle,non ac,classroom,3.0,cloudy
2023-09-14 12:21:59,$,$,540.0,0.0,7.0,11.0,18.0,32.6,17.2,73.5,13.0,middle,non ac,classroom,3.0,cloudy
2023-09-14 12:22:05,$,$,540.0,0.0,7.0,11.0,17.0,32.6,17.2,79.0,13.0,middle,non ac,classroom,3.0,cloudy
2023-09-14 12:22:11,$,$,541.0,0.0,7.0,11.0,17.0,32.6,17.2,69.3,13.0,middle,non ac,classroom,3.0,cloudy
2023-09-14 12:22:16,$,$,541.0,0.0,6.0,11.0,17.0,32.6,17.2,75.7,13.0,middle,non ac,classroom,3.0,cloudy
2023-09-14 12:22:22,$,$,541.0,0.0,6.0,11.0,17.0,32.6,17.2,77.5,13.0,middle,non ac,classroom,3.0,cloudy
2023-09-14 12:22:27,$,$,542.0,0.0,7.0,12.0,18.0,32.6,17.2,71.9,13.0,middle,non ac,classroom,3.0,cloudy
2023-09-14 12:22:33,$,$,542.0,0.0,7.0,12.0,17.0,32.6,17.2,72.0,13.0,middle,non ac,classroom,3.0,cloudy
2023-09-14 12:22:38,$,$,541.0,0.0,6.0,11.0,16.0,32.6,17.3,79.6,13.0,middle,non ac,classroom,3.0,cloudy
2023-09-14 12:22:44,$,$,541.0,0.0,6.0,11.0,16.0,32.6,17.2,77.1,13.0,middle,non ac,classroom,3.0,cloudy
2023-09-14 12:22:50,$,$,542.0,0.0,5.0,11.0,16.0,32.6,17.2,74.6,13.0,middle,non ac,classroom,3.0,cloudy
2023-09-14 12:22:55,$,$,542.0,0.0,5.0,11.0,15.0,32.6,17.2,73.5,13.0,middle,non ac,classroom,3.0,cloudy
2023-09-14 12:23:01,$,$,542.0,0.0,5.0,11.0,15.0,32.6,17.3,75.6,13.0,middle,non ac,classroom,3.0,cloudy
2023-09-14 12:23:06,$,$,541.0,0.0,5.0,11.0,15.0,32.6,17.2,86.4,13.0,middle,non ac,classroom,3.0,cloudy
2023-09-14 12:23:12,$,$,541.0,0.0,5.0,11.0,15.0,32.6,17.3,77.3,13.0,middle,non ac,classroom,3.0,cloudy
2023-09-14 12:23:18,$,$,540.0,0.0,6.0,11.0,15.0,32.6,17.2,77.5,15.0,middle,non ac,classroom,3.0,cloudy
2023-09-14 12:23:23,$,$,540.0,0.0,6.0,12.0,15.0,32.6,17.2,76.6,15.0,middle,non ac,classroom,3.0,cloudy
2023-09-14 12:23:29,$,$,540.0,0.0,6.0,12.0,15.0,32.6,17.3,71.7,15.0,middle,non ac,classroom,3.0,cloudy
2023-09-14 12:23:34,$,$,539.0,0.0,7.0,13.0,15.0,32.6,17.2,71.4,15.0,middle,non ac,classroom,3.0,cloudy
2023-09-14 12:23:40,$,$,539.0,0.0,7.0,13.0,15.0,32.6,17.2,74.7,15.0,middle,non ac,classroom,3.0,cloudy
2023-09-14 12:23:45,$,$,538.0,0.0,7.0,13.0,16.0,32.6,17.2,71.3,15.0,middle,non ac,classroom,3.0,cloudy
2023-09-14 12:23:51,$,$,538.0,0.0,7.0,15.0,16.0,32.6,17.2,71.9,15.0,middle,non ac,classroom,3.0,cloudy
2023-09-14 12:23:57,$,$,537.0,0.0,7.0,15.0,16.0,32.6,17.2,77.7,15.0,middle,non ac,classroom,3.0,cloudy
2023-09-14 12:24:02,$,$,537.0,0.0,7.0,15.0,16.0,32.6,17.2,76.0,15.0,middle,non ac,classroom,3.0,cloudy
2023-09-14 12:24:08,$,$,537.0,0.0,7.0,16.0,17.0,32.6,17.2,74.8,15.0,middle,non ac,classroom,3.0,cloudy
2023-09-14 12:24:13,$,$,537.0,0.0,7.0,16.0,17.0,32.6,17.3,78.4,15.0,middle,non ac,classroom,3.0,cloudy
2023-09-14 12:24:19,$,$,537.0,0.0,7.0,16.0,17.0,32.6,17.2,80.0,15.0,middle,non ac,classroom,3.0,cloudy
2023-09-14 12:24:24,$,$,536.0,0.0,7.0,16.0,18.0,32.6,17.3,75.0,15.0,middle,non ac,classroom,3.0,cloudy
2023-09-14 12:24:30,$,$,536.0,0.0,7.0,17.0,19.0,32.6,17.2,78.3,15.0,middle,non ac,classroom,3.0,cloudy
2023-09-14 12:24:36,$,$,536.0,0.0,6.0,17.0,18.0,32.6,17.3,70.5,15.0,middle,non ac,classroom,3.0,cloudy
2023-09-14 12:24:41,$,$,535.0,0.0,7.0,17.0,18.0,32.6,17.2,74.6,15.0,middle,non ac,classroom,3.0,cloudy
2023-09-14 12:24:47,$,$,534.0,0.0,7.0,17.0,19.0,32.6,17.3,80.6,15.0,middle,non ac,classroom,3.0,cloudy
2023-09-14 12:24:52,$,$,534.0,0.0,7.0,18.0,19.0,32.6,17.3,73.5,15.0,middle,non ac,classroom,3.0,cloudy
2023-09-14 12:24:58,$,$,534.0,0.0,7.0,17.0,18.0,32.6,17.3,77.1,15.0,middle,non ac,classroom,3.0,cloudy
2023-09-14 12:25:04,$,$,534.0,0.0,8.0,18.0,19.0,32.6,17.2,71.0,15.0,middle,non ac,classroom,3.0,cloudy
2023-09-14 12:25:09,$,$,533.0,0.0,7.0,17.0,18.0,32.6,17.3,72.0,15.0,middle,non ac,classroom,3.0,cloudy
2023-09-14 12:25:15,$,$,532.0,0.0,7.0,17.0,18.0,32.6,17.3,71.4,16.0,middle,non ac,classroom,3.0,cloudy
2023-09-14 12:25:20,$,$,531.0,0.0,7.0,16.0,17.0,32.6,17.3,74.2,16.0,middle,non ac,classroom,3.0,cloudy
2023-09-14 12:25:26,$,$,531.0,0.0,7.0,16.0,17.0,32.6,17.3,70.9,16.0,middle,non ac,classroom,3.0,cloudy
2023-09-14 12:25:31,$,$,530.0,0.0,7.0,16.0,17.0,32.6,17.3,78.3,16.0,middle,non ac,classroom,3.0,cloudy
2023-09-14 12:25:37,$,$,529.0,0.0,7.0,16.0,17.0,32.6,17.3,77.9,16.0,middle,non ac,classroom,3.0,cloudy
2023-09-14 12:25:43,$,$,529.0,0.0,7.0,16.0,17.0,32.6,17.3,71.7,16.0,middle,non ac,classroom,3.0,cloudy
2023-09-14 12:25:48,$,$,530.0,0.0,7.0,16.0,17.0,32.7,17.3,74.4,16.0,middle,non ac,classroom,3.0,cloudy
2023-09-14 12:25:54,$,$,530.0,0.0,7.0,15.0,16.0,32.6,17.3,77.7,16.0,middle,non ac,classroom,3.0,cloudy
2023-09-14 12:25:59,$,$,531.0,0.0,7.0,15.0,16.0,32.6,17.3,76.8,16.0,middle,non ac,classroom,3.0,cloudy
2023-09-14 12:26:05,$,$,531.0,0.0,7.0,15.0,16.0,32.6,17.3,71.8,16.0,middle,non ac,classroom,3.0,cloudy
2023-09-14 12:26:10,$,$,532.0,0.0,7.0,15.0,16.0,32.7,17.3,80.7,16.0,middle,non ac,classroom,3.0,cloudy
2023-09-14 12:26:16,$,$,531.0,0.0,7.0,15.0,16.0,32.6,17.3,77.6,16.0,middle,non ac,classroom,3.0,cloudy
2023-09-14 12:26:22,$,$,532.0,0.0,7.0,15.0,16.0,32.6,17.3,84.0,16.0,middle,non ac,classroom,3.0,cloudy
2023-09-14 12:26:27,$,$,533.0,0.0,7.0,15.0,16.0,32.7,17.3,72.7,16.0,middle,non ac,classroom,3.0,cloudy
2023-09-14 12:26:33,$,$,534.0,0.0,7.0,15.0,16.0,32.7,17.3,77.7,16.0,middle,non ac,classroom,3.0,cloudy
2023-09-14 12:26:38,$,$,533.0,0.0,7.0,15.0,16.0,32.6,17.3,72.8,16.0,middle,non ac,classroom,3.0,cloudy
2023-09-14 12:26:44,$,$,533.0,0.0,7.0,15.0,16.0,32.6,17.3,70.8,16.0,middle,non ac,classroom,3.0,cloudy
2023-09-14 12:26:50,$,$,533.0,0.0,7.0,15.0,16.0,32.6,17.2,77.3,16.0,middle,non ac,classroom,3.0,cloudy
2023-09-14 12:26:55,$,$,533.0,0.0,7.0,15.0,16.0,32.6,17.3,75.7,16.0,middle,non ac,classroom,3.0,cloudy
2023-09-14 12:27:01,$,$,533.0,0.0,7.0,15.0,16.0,32.6,17.3,72.4,16.0,middle,non ac,classroom,3.0,cloudy
2023-09-14 12:27:06,$,$,533.0,0.0,7.0,15.0,16.0,32.7,17.3,79.2,16.0,middle,non ac,classroom,3.0,cloudy
2023-09-14 12:27:12,$,$,532.0,0.0,7.0,13.0,15.0,32.6,17.2,73.1,16.0,middle,non ac,classroom,3.0,cloudy
2023-09-14 12:27:17,$,$,531.0,0.0,7.0,13.0,16.0,32.6,17.2,74.8,16.0,middle,non ac,classroom,3.0,cloudy
2023-09-14 12:27:23,$,$,531.0,0.0,6.0,13.0,16.0,32.6,17.2,74.4,16.0,middle,non ac,classroom,3.0,cloudy
2023-09-14 12:27:29,$,$,530.0,0.0,6.0,13.0,16.0,32.6,17.2,74.9,16.0,middle,non ac,classroom,3.0,cloudy
2023-09-14 12:27:34,$,$,529.0,0.0,6.0,12.0,16.0,32.6,17.3,79.7,16.0,middle,non ac,classroom,3.0,cloudy
2023-09-14 12:27:40,$,$,528.0,0.0,6.0,12.0,16.0,32.6,17.2,74.7,15.0,middle,non ac,classroom,3.0,cloudy
2023-09-14 12:27:45,$,$,526.0,0.0,6.0,12.0,16.0,32.6,17.2,75.1,15.0,middle,non ac,classroom,3.0,cloudy
2023-09-14 12:27:51,$,$,524.0,0.0,6.0,12.0,16.0,32.6,17.2,79.5,15.0,middle,non ac,classroom,3.0,cloudy
2023-09-14 12:27:56,$,$,523.0,0.0,5.0,12.0,16.0,32.6,17.2,71.9,15.0,middle,non ac,classroom,3.0,cloudy
2023-09-14 12:28:02,$,$,521.0,0.0,5.0,12.0,16.0,32.6,17.3,74.3,15.0,middle,non ac,classroom,3.0,cloudy
2023-09-14 12:28:08,$,$,519.0,0.0,5.0,12.0,16.0,32.6,17.2,74.3,15.0,middle,non ac,classroom,3.0,cloudy
2023-09-14 12:28:13,$,$,517.0,0.0,5.0,12.0,16.0,32.6,17.2,71.4,15.0,middle,non ac,classroom,3.0,cloudy
2023-09-14 12:28:19,$,$,516.0,0.0,5.0,12.0,16.0,32.6,17.2,72.3,15.0,middle,non ac,classroom,3.0,cloudy
2023-09-14 12:28:24,$,$,516.0,0.0,5.0,12.0,16.0,32.6,17.2,78.4,15.0,middle,non ac,classroom,3.0,cloudy
2023-09-14 12:28:30,$,$,516.0,0.0,7.0,14.0,17.0,32.6,17.2,73.1,15.0,middle,non ac,classroom,3.0,cloudy
2023-09-14 12:28:36,$,$,517.0,0.0,6.0,13.0,17.0,32.6,17.2,75.4,15.0,middle,non ac,classroom,3.0,cloudy
2023-09-14 12:28:41,$,$,516.0,0.0,6.0,13.0,17.0,32.6,17.2,74.8,15.0,middle,non ac,classroom,3.0,cloudy
2023-09-14 12:28:47,$,$,516.0,0.0,6.0,13.0,17.0,32.6,17.2,73.8,15.0,middle,non ac,classroom,3.0,cloudy
2023-09-14 12:28:52,$,$,517.0,0.0,6.0,13.0,17.0,32.6,17.2,78.8,15.0,middle,non ac,classroom,3.0,cloudy
2023-09-14 12:28:58,$,$,517.0,0.0,6.0,13.0,18.0,32.6,17.2,72.9,15.0,middle,non ac,classroom,3.0,cloudy
2023-09-14 12:29:03,$,$,518.0,0.0,6.0,13.0,18.0,32.6,17.2,72.6,15.0,middle,non ac,classroom,3.0,cloudy
2023-09-14 12:29:09,$,$,518.0,0.0,7.0,14.0,19.0,32.6,17.2,78.6,15.0,middle,non ac,classroom,3.0,cloudy
2023-09-14 12:29:15,$,$,518.0,0.0,6.0,13.0,18.0,32.6,17.2,72.9,15.0,middle,non ac,classroom,3.0,cloudy
2023-09-14 12:29:20,$,$,518.0,0.0,6.0,13.0,18.0,32.6,17.2,73.2,15.0,middle,non ac,classroom,3.0,cloudy
2023-09-14 12:29:26,$,$,519.0,0.0,6.0,15.0,18.0,32.6,17.2,77.1,15.0,middle,non ac,classroom,3.0,cloudy
2023-09-14 12:29:31,$,$,520.0,0.0,6.0,15.0,18.0,32.6,17.2,73.1,15.0,middle,non ac,classroom,3.0,cloudy
2023-09-14 12:29:37,$,$,521.0,0.0,6.0,15.0,19.0,32.6,17.2,83.1,15.0,middle,non ac,classroom,3.0,cloudy
2023-09-14 12:29:42,$,$,520.0,0.0,6.0,16.0,19.0,32.6,17.2,79.9,15.0,middle,non ac,classroom,3.0,cloudy
2023-09-14 12:29:48,$,$,520.0,0.0,6.0,16.0,19.0,32.6,17.2,73.5,15.0,middle,non ac,classroom,3.0,cloudy
2023-09-14 12:29:54,$,$,520.0,0.0,6.0,16.0,19.0,32.6,17.2,78.9,15.0,middle,non ac,classroom,3.0,cloudy
2023-09-14 12:29:59,$,$,520.0,0.0,8.0,17.0,20.0,32.6,17.2,72.7,15.0,middle,non ac,classroom,3.0,cloudy
2023-09-14 12:30:05,$,$,520.0,0.0,7.0,16.0,19.0,32.6,17.2,72.7,15.0,middle,non ac,classroom,3.0,cloudy
2023-09-14 12:30:10,$,$,520.0,0.0,7.0,17.0,19.0,32.6,17.2,80.9,15.0,middle,non ac,classroom,3.0,cloudy
2023-09-14 12:30:16,$,$,519.0,0.0,7.0,17.0,19.0,32.6,17.2,70.8,15.0,middle,non ac,classroom,3.0,cloudy
2023-09-14 12:30:22,$,$,519.0,0.0,7.0,17.0,19.0,32.6,17.2,73.8,15.0,middle,non ac,classroom,3.0,cloudy
2023-09-14 12:30:27,$,$,519.0,0.0,7.0,17.0,19.0,32.6,17.3,79.1,15.0,middle,non ac,classroom,3.0,cloudy
2023-09-14 12:30:33,$,$,519.0,0.0,7.0,17.0,19.0,32.6,17.2,72.2,16.0,middle,non ac,classroom,3.0,cloudy
2023-09-14 12:30:38,$,$,519.0,0.0,7.0,17.0,18.0,32.6,17.2,71.8,16.0,middle,non ac,classroom,3.0,cloudy
2023-09-14 12:30:44,$,$,518.0,0.0,7.0,17.0,18.0,32.6,17.2,80.0,12.0,middle,non ac,classroom,3.0,cloudy
2023-09-14 12:30:49,$,$,517.0,0.0,7.0,17.0,18.0,32.6,17.2,78.2,9.0,middle,non ac,classroom,3.0,cloudy
2023-09-14 12:30:55,$,$,516.0,0.0,7.0,16.0,17.0,32.6,17.2,79.3,9.0,middle,non ac,classroom,3.0,cloudy
2023-09-14 12:31:01,$,$,516.0,0.0,7.0,16.0,18.0,32.6,17.2,80.4,9.0,middle,non ac,classroom,3.0,cloudy
2023-09-14 12:31:06,$,$,516.0,0.0,7.0,16.0,18.0,32.6,17.2,74.6,9.0,middle,non ac,classroom,3.0,cloudy
2023-09-14 12:31:12,$,$,516.0,0.0,6.0,16.0,18.0,32.6,17.2,72.2,9.0,middle,non ac,classroom,3.0,cloudy
2023-09-14 12:31:17,$,$,515.0,0.0,6.0,16.0,18.0,32.6,17.2,72.7,9.0,middle,non ac,classroom,3.0,cloudy
2023-09-14 12:31:23,$,$,515.0,0.0,7.0,17.0,19.0,32.6,17.2,72.8,9.0,middle,non ac,classroom,3.0,cloudy
2023-09-14 12:31:28,$,$,515.0,0.0,7.0,17.0,20.0,32.6,17.2,78.9,9.0,middle,non ac,classroom,3.0,cloudy
2023-09-14 12:31:34,$,$,515.0,0.0,6.0,16.0,19.0,32.6,17.2,74.3,9.0,middle,non ac,classroom,3.0,cloudy
2023-09-14 12:31:40,$,$,514.0,0.0,7.0,17.0,20.0,32.6,17.2,76.8,9.0,middle,non ac,classroom,3.0,cloudy
2023-09-14 12:31:45,$,$,514.0,0.0,6.0,17.0,18.0,32.6,17.2,75.0,9.0,middle,non ac,classroom,3.0,cloudy
2023-09-14 12:31:51,$,$,513.0,0.0,7.0,18.0,19.0,32.6,17.2,73.9,9.0,middle,non ac,classroom,3.0,cloudy
2023-09-14 12:31:56,$,$,513.0,0.0,7.0,18.0,19.0,32.6,17.2,74.3,9.0,middle,non ac,classroom,3.0,cloudy
2023-09-14 12:32:02,$,$,513.0,0.0,6.0,17.0,18.0,32.6,17.3,73.5,9.0,middle,non ac,classroom,3.0,cloudy
2023-09-14 12:32:08,$,$,512.0,0.0,5.0,17.0,18.0,32.6,17.2,72.5,9.0,middle,non ac,classroom,3.0,cloudy
2023-09-14 12:32:13,$,$,512.0,0.0,5.0,17.0,18.0,32.6,17.2,75.5,9.0,middle,non ac,classroom,3.0,cloudy
2023-09-14 12:32:19,$,$,512.0,0.0,5.0,17.0,18.0,32.6,17.3,70.6,9.0,middle,non ac,classroom,3.0,cloudy
2023-09-14 12:32:24,$,$,510.0,0.0,6.0,17.0,18.0,32.6,17.3,71.8,9.0,middle,non ac,classroom,3.0,cloudy
2023-09-14 12:32:30,$,$,510.0,0.0,6.0,17.0,18.0,32.6,17.2,75.0,9.0,middle,non ac,classroom,3.0,cloudy
2023-09-14 12:32:35,$,$,509.0,0.0,6.0,17.0,19.0,32.6,17.2,77.7,9.0,middle,non ac,classroom,3.0,cloudy
2023-09-14 12:32:41,$,$,509.0,0.0,6.0,17.0,19.0,32.6,17.2,77.9,9.0,middle,non ac,classroom,3.0,cloudy
2023-09-14 12:32:47,$,$,508.0,0.0,7.0,19.0,20.0,32.6,17.2,75.3,9.0,middle,non ac,classroom,3.0,cloudy
2023-09-14 12:32:52,$,$,507.0,0.0,6.0,18.0,19.0,32.6,17.3,80.1,9.0,middle,non ac,classroom,3.0,cloudy
2023-09-14 12:32:58,$,$,506.0,0.0,6.0,17.0,19.0,32.6,17.2,80.0,9.0,middle,non ac,classroom,3.0,cloudy
2023-09-14 12:33:03,$,$,505.0,0.0,6.0,17.0,19.0,32.6,17.2,74.9,9.0,middle,non ac,classroom,3.0,cloudy
2023-09-14 12:33:09,$,$,504.0,0.0,7.0,18.0,20.0,32.6,17.2,76.9,9.0,middle,non ac,classroom,3.0,cloudy
2023-09-14 12:33:14,$,$,503.0,0.0,7.0,17.0,19.0,32.6,17.2,77.4,9.0,middle,non ac,classroom,3.0,cloudy
2023-09-14 12:33:20,$,$,501.0,0.0,8.0,18.0,20.0,32.6,17.2,72.8,9.0,middle,non ac,classroom,3.0,cloudy
2023-09-14 12:33:26,$,$,499.0,0.0,8.0,18.0,20.0,32.6,17.2,73.4,9.0,middle,non ac,classroom,3.0,cloudy
2023-09-14 12:33:31,$,$,498.0,0.0,7.0,17.0,19.0,32.6,17.2,78.4,9.0,middle,non ac,classroom,3.0,cloudy
2023-09-14 12:33:37,$,$,496.0,0.0,7.0,17.0,19.0,32.5,17.2,73.1,9.0,middle,non ac,classroom,3.0,cloudy
2023-09-14 12:33:42,$,$,495.0,0.0,8.0,18.0,20.0,32.6,17.2,72.2,9.0,middle,non ac,classroom,3.0,cloudy
2023-09-14 12:33:48,$,$,494.0,0.0,8.0,18.0,20.0,32.5,17.2,72.6,9.0,middle,non ac,classroom,3.0,cloudy
2023-09-14 12:33:54,$,$,491.0,0.0,8.0,19.0,20.0,32.6,17.2,71.5,9.0,middle,non ac,classroom,3.0,cloudy
2023-09-14 12:33:59,$,$,488.0,0.0,8.0,19.0,20.0,32.6,17.2,72.0,9.0,middle,non ac,classroom,3.0,cloudy
2023-09-14 12:34:05,$,$,486.0,0.0,8.0,19.0,20.0,32.6,17.2,76.1,9.0,middle,non ac,classroom,3.0,cloudy
2023-09-14 12:34:10,$,$,484.0,0.0,7.0,18.0,19.0,32.6,17.2,81.6,9.0,middle,non ac,classroom,3.0,cloudy
2023-09-14 12:34:16,$,$,482.0,0.0,8.0,18.0,20.0,32.6,17.2,72.7,9.0,middle,non ac,classroom,3.0,cloudy
2023-09-14 12:34:21,$,$,480.0,0.0,8.0,18.0,20.0,32.6,17.2,70.5,9.0,middle,non ac,classroom,3.0,cloudy
2023-09-14 12:34:27,$,$,479.0,0.0,8.0,18.0,20.0,32.6,17.2,76.8,9.0,middle,non ac,classroom,3.0,cloudy
2023-09-14 12:34:33,$,$,478.0,0.0,8.0,18.0,20.0,32.6,17.2,75.5,9.0,middle,non ac,classroom,3.0,cloudy
2023-09-14 12:34:38,$,$,476.0,0.0,8.0,18.0,19.0,32.6,17.2,75.2,9.0,middle,non ac,classroom,3.0,cloudy
2023-09-14 12:34:44,$,$,475.0,0.0,7.0,16.0,18.0,32.5,17.2,77.5,9.0,middle,non ac,classroom,3.0,cloudy
2023-09-14 12:34:49,$,$,473.0,0.0,8.0,17.0,19.0,32.6,17.2,73.4,9.0,middle,non ac,classroom,3.0,cloudy
2023-09-14 12:34:55,$,$,471.0,0.0,7.0,16.0,18.0,32.6,17.2,85.8,9.0,middle,non ac,classroom,3.0,cloudy
2023-09-14 12:35:00,$,$,468.0,0.0,8.0,17.0,19.0,32.6,17.2,72.5,9.0,middle,non ac,classroom,3.0,cloudy
2023-09-14 12:35:06,$,$,467.0,0.0,7.0,16.0,18.0,32.6,17.2,74.2,12.0,middle,non ac,classroom,3.0,cloudy
2023-09-14 12:35:12,$,$,465.0,0.0,7.0,16.0,18.0,32.5,17.2,73.9,12.0,middle,non ac,classroom,3.0,cloudy
2023-09-14 12:35:17,$,$,464.0,0.0,8.0,17.0,19.0,32.5,17.2,76.8,12.0,middle,non ac,classroom,3.0,cloudy
2023-09-14 12:35:23,$,$,462.0,0.0,8.0,17.0,19.0,32.5,17.2,77.1,12.0,middle,non ac,classroom,3.0,cloudy
2023-09-14 12:35:28,$,$,462.0,0.0,8.0,17.0,19.0,32.5,17.2,77.8,9.0,middle,non ac,classroom,3.0,cloudy
2023-09-14 12:35:34,$,$,461.0,0.0,7.0,16.0,18.0,32.6,17.2,74.2,9.0,middle,non ac,classroom,3.0,cloudy
2023-09-14 12:35:40,$,$,461.0,0.0,7.0,16.0,18.0,32.5,17.2,71.5,9.0,middle,non ac,classroom,3.0,cloudy
2023-09-14 12:35:45,$,$,461.0,0.0,7.0,16.0,19.0,32.6,17.2,76.8,9.0,middle,non ac,classroom,3.0,cloudy
2023-09-14 12:35:51,$,$,461.0,0.0,7.0,16.0,20.0,32.5,17.2,78.0,9.0,middle,non ac,classroom,3.0,cloudy
2023-09-14 12:35:56,$,$,461.0,0.0,6.0,15.0,19.0,32.5,17.2,71.6,9.0,middle,non ac,classroom,3.0,cloudy
2023-09-14 12:36:02,$,$,462.0,0.0,6.0,15.0,19.0,32.5,17.2,72.1,9.0,middle,non ac,classroom,3.0,cloudy
2023-09-14 12:36:07,$,$,463.0,0.0,7.0,16.0,20.0,32.5,17.2,79.8,9.0,middle,non ac,classroom,3.0,cloudy
2023-09-14 12:36:13,$,$,464.0,0.0,6.0,15.0,19.0,32.6,17.2,74.2,9.0,middle,non ac,classroom,3.0,cloudy
2023-09-14 12:36:19,$,$,466.0,0.0,7.0,16.0,20.0,32.6,17.2,73.1,9.0,middle,non ac,classroom,3.0,cloudy
2023-09-14 12:36:24,$,$,467.0,0.0,7.0,16.0,20.0,32.5,17.2,73.6,9.0,middle,non ac,classroom,3.0,cloudy
2023-09-14 12:36:30,$,$,467.0,0.0,8.0,16.0,20.0,32.5,17.2,77.2,9.0,middle,non ac,classroom,3.0,cloudy
2023-09-14 12:36:35,$,$,468.0,0.0,7.0,13.0,18.0,32.5,17.2,70.9,9.0,middle,non ac,classroom,3.0,cloudy
2023-09-14 12:36:41,$,$,469.0,0.0,6.0,13.0,18.0,32.5,17.2,74.7,9.0,middle,non ac,classroom,3.0,cloudy
2023-09-14 12:36:46,$,$,470.0,0.0,6.0,13.0,18.0,32.6,17.2,76.9,9.0,middle,non ac,classroom,3.0,cloudy
2023-09-14 12:36:52,$,$,471.0,0.0,7.0,14.0,19.0,32.5,17.2,76.0,9.0,middle,non ac,classroom,3.0,cloudy
2023-09-14 12:36:58,$,$,471.0,0.0,5.0,12.0,17.0,32.5,17.2,77.5,13.0,middle,non ac,classroom,3.0,cloudy
2023-09-14 12:37:03,$,$,472.0,0.0,5.0,12.0,17.0,32.5,17.2,75.2,13.0,middle,non ac,classroom,3.0,cloudy
2023-09-14 12:37:09,$,$,473.0,0.0,6.0,13.0,18.0,32.5,17.2,73.5,9.0,middle,non ac,classroom,3.0,cloudy
2023-09-14 12:37:14,$,$,474.0,0.0,6.0,12.0,17.0,32.5,17.2,79.7,9.0,middle,non ac,classroom,3.0,cloudy
2023-09-14 12:37:20,$,$,474.0,0.0,6.0,12.0,17.0,32.5,17.2,74.5,9.0,middle,non ac,classroom,3.0,cloudy
2023-09-14 12:37:26,$,$,474.0,0.0,7.0,13.0,18.0,32.6,17.2,79.8,9.0,middle,non ac,classroom,3.0,cloudy
2023-09-14 12:37:31,$,$,474.0,0.0,7.0,13.0,18.0,32.5,17.2,77.3,9.0,middle,non ac,classroom,3.0,cloudy
2023-09-14 12:37:37,$,$,474.0,0.0,6.0,12.0,17.0,32.5,17.2,76.3,9.0,middle,non ac,classroom,3.0,cloudy
2023-09-14 12:37:42,$,$,474.0,0.0,7.0,13.0,17.0,32.6,17.2,74.6,9.0,middle,non ac,classroom,3.0,cloudy
2023-09-14 12:37:48,$,$,474.0,0.0,7.0,13.0,17.0,32.5,17.2,78.6,9.0,middle,non ac,classroom,3.0,cloudy
2023-09-14 12:37:53,$,$,474.0,0.0,6.0,12.0,16.0,32.5,17.2,78.6,9.0,middle,non ac,classroom,3.0,cloudy
2023-09-14 12:37:59,$,$,473.0,0.0,7.0,13.0,17.0,32.5,17.2,73.0,9.0,middle,non ac,classroom,3.0,cloudy
2023-09-14 12:38:05,$,$,473.0,0.0,7.0,13.0,17.0,32.5,17.2,72.6,9.0,middle,non ac,classroom,3.0,cloudy
2023-09-14 12:38:10,$,$,472.0,0.0,7.0,13.0,17.0,32.5,17.2,81.8,9.0,middle,non ac,classroom,3.0,cloudy
2023-09-14 12:38:16,$,$,472.0,0.0,7.0,13.0,17.0,32.5,17.2,79.7,9.0,middle,non ac,classroom,3.0,cloudy
2023-09-14 12:38:21,$,$,472.0,0.0,7.0,13.0,17.0,32.5,17.2,73.5,9.0,middle,non ac,classroom,3.0,cloudy
2023-09-14 12:38:27,$,$,471.0,0.0,7.0,12.0,16.0,32.6,17.2,74.3,9.0,middle,non ac,classroom,3.0,cloudy
2023-09-14 12:38:32,$,$,471.0,0.0,7.0,12.0,16.0,32.6,17.2,76.9,9.0,middle,non ac,classroom,3.0,cloudy
2023-09-14 12:38:38,$,$,471.0,0.0,6.0,11.0,15.0,32.6,17.2,70.5,9.0,middle,non ac,classroom,3.0,cloudy
2023-09-14 12:38:44,$,$,471.0,0.0,7.0,12.0,14.0,32.6,17.2,72.3,9.0,middle,non ac,classroom,3.0,cloudy
2023-09-14 12:38:49,$,$,471.0,0.0,7.0,12.0,14.0,32.6,17.2,78.2,9.0,middle,non ac,classroom,3.0,cloudy
2023-09-14 12:38:55,$,$,471.0,0.0,6.0,10.0,12.0,32.6,17.2,78.3,9.0,middle,non ac,classroom,3.0,cloudy
2023-09-14 12:39:00,$,$,471.0,0.0,6.0,10.0,11.0,32.6,17.2,77.2,9.0,middle,non ac,classroom,3.0,cloudy
2023-09-14 12:39:06,$,$,471.0,0.0,6.0,10.0,11.0,32.6,17.2,78.9,9.0,middle,non ac,classroom,3.0,cloudy
2023-09-14 12:39:12,$,$,471.0,0.0,6.0,10.0,11.0,32.6,17.2,76.7,9.0,middle,non ac,classroom,3.0,cloudy
2023-09-14 12:39:17,$,$,471.0,0.0,6.0,10.0,11.0,32.5,17.2,77.1,9.0,middle,non ac,classroom,3.0,cloudy
2023-09-14 12:39:23,$,$,471.0,0.0,6.0,10.0,11.0,32.6,17.2,77.4,9.0,middle,non ac,classroom,3.0,cloudy
2023-09-14 12:39:28,$,$,472.0,0.0,6.0,10.0,11.0,32.5,17.2,78.1,9.0,middle,non ac,classroom,3.0,cloudy
2023-09-14 12:39:34,$,$,472.0,0.0,6.0,10.0,11.0,32.6,17.2,75.3,9.0,middle,non ac,classroom,3.0,cloudy
2023-09-14 12:39:39,$,$,472.0,0.0,6.0,11.0,12.0,32.6,17.2,71.0,9.0,middle,non ac,classroom,3.0,cloudy
2023-09-14 12:39:45,$,$,472.0,0.0,6.0,10.0,12.0,32.6,17.2,73.4,9.0,middle,non ac,classroom,3.0,cloudy
2023-09-14 12:39:51,$,$,473.0,0.0,6.0,10.0,12.0,32.6,17.2,78.6,9.0,middle,non ac,classroom,3.0,cloudy
2023-09-14 12:39:56,$,$,473.0,0.0,6.0,11.0,11.0,32.6,17.2,77.9,9.0,middle,non ac,classroom,3.0,cloudy
2023-09-14 12:40:02,$,$,473.0,0.0,6.0,11.0,11.0,32.6,17.2,75.8,9.0,middle,non ac,classroom,3.0,cloudy
2023-09-14 12:40:07,$,$,473.0,0.0,6.0,11.0,12.0,32.6,17.2,79.0,9.0,middle,non ac,classroom,3.0,cloudy
2023-09-14 12:40:13,$,$,472.0,0.0,6.0,11.0,12.0,32.6,17.2,83.9,9.0,middle,non ac,classroom,3.0,cloudy
2023-09-14 12:40:18,$,$,471.0,0.0,6.0,11.0,12.0,32.6,17.2,79.6,9.0,middle,non ac,classroom,3.0,cloudy
2023-09-14 12:40:24,$,$,471.0,0.0,6.0,11.0,12.0,32.5,17.2,77.5,9.0,middle,non ac,classroom,3.0,cloudy
2023-09-14 12:40:30,$,$,470.0,0.0,6.0,11.0,12.0,32.5,17.2,71.7,9.0,middle,non ac,classroom,3.0,cloudy
2023-09-14 12:40:35,$,$,470.0,0.0,7.0,12.0,14.0,32.6,17.2,78.1,9.0,middle,non ac,classroom,3.0,cloudy
2023-09-14 12:40:41,$,$,469.0,0.0,5.0,11.0,12.0,32.6,17.2,78.2,9.0,middle,non ac,classroom,3.0,cloudy
2023-09-14 12:40:46,$,$,469.0,0.0,5.0,11.0,12.0,32.6,17.2,73.5,9.0,middle,non ac,classroom,3.0,cloudy
2023-09-14 12:40:52,$,$,469.0,0.0,5.0,11.0,13.0,32.6,17.2,79.2,9.0,middle,non ac,classroom,3.0,cloudy
2023-09-14 12:40:58,$,$,468.0,0.0,6.0,13.0,14.0,32.6,17.2,73.4,9.0,middle,non ac,classroom,3.0,cloudy
2023-09-14 12:41:03,$,$,468.0,0.0,5.0,12.0,13.0,32.6,17.2,74.3,9.0,middle,non ac,classroom,3.0,cloudy
2023-09-14 12:41:09,$,$,468.0,0.0,6.0,13.0,16.0,32.5,17.2,76.4,9.0,middle,non ac,classroom,3.0,cloudy
2023-09-14 12:41:14,$,$,468.0,0.0,5.0,13.0,15.0,32.6,17.2,71.7,9.0,middle,non ac,classroom,3.0,cloudy
2023-09-14 12:41:20,$,$,467.0,0.0,5.0,13.0,15.0,32.6,17.2,77.0,9.0,middle,non ac,classroom,3.0,cloudy
2023-09-14 12:41:25,$,$,466.0,0.0,5.0,12.0,15.0,32.6,17.2,79.1,9.0,middle,non ac,classroom,3.0,cloudy
2023-09-14 12:41:31,$,$,466.0,0.0,6.0,13.0,16.0,32.5,17.2,74.6,9.0,middle,non ac,classroom,3.0,cloudy
2023-09-14 12:41:37,$,$,466.0,0.0,4.0,12.0,15.0,32.6,17.2,76.7,9.0,middle,non ac,classroom,3.0,cloudy
2023-09-14 12:41:42,$,$,467.0,0.0,4.0,12.0,15.0,32.6,17.2,78.4,9.0,middle,non ac,classroom,3.0,cloudy
2023-09-14 12:41:48,$,$,467.0,0.0,4.0,12.0,15.0,32.6,17.2,74.9,9.0,middle,non ac,classroom,3.0,cloudy
2023-09-14 12:41:53,$,$,467.0,0.0,4.0,12.0,15.0,32.6,17.2,75.5,9.0,middle,non ac,classroom,3.0,cloudy
2023-09-14 12:41:59,$,$,468.0,0.0,4.0,12.0,15.0,32.6,17.2,75.7,9.0,middle,non ac,classroom,3.0,cloudy
2023-09-14 12:42:04,$,$,468.0,0.0,4.0,12.0,15.0,32.6,17.2,76.1,9.0,middle,non ac,classroom,3.0,cloudy
2023-09-14 12:42:10,$,$,468.0,0.0,5.0,12.0,15.0,32.6,17.2,79.4,9.0,middle,non ac,classroom,3.0,cloudy
2023-09-14 12:42:16,$,$,467.0,0.0,6.0,13.0,16.0,32.6,17.2,76.1,9.0,middle,non ac,classroom,3.0,cloudy
2023-09-14 12:42:21,$,$,467.0,0.0,7.0,12.0,14.0,32.6,17.2,72.6,9.0,middle,non ac,classroom,3.0,cloudy
2023-09-14 12:42:27,$,$,467.0,0.0,6.0,11.0,13.0,32.6,17.2,80.0,9.0,middle,non ac,classroom,3.0,cloudy
2023-09-14 12:42:32,$,$,468.0,0.0,6.0,11.0,13.0,32.6,17.2,71.8,9.0,middle,non ac,classroom,3.0,cloudy
2023-09-14 12:42:38,$,$,469.0,0.0,7.0,12.0,14.0,32.6,17.2,78.6,9.0,middle,non ac,classroom,3.0,cloudy
2023-09-14 12:42:44,$,$,469.0,0.0,7.0,12.0,14.0,32.6,17.2,79.1,9.0,middle,non ac,classroom,3.0,cloudy
2023-09-14 12:42:49,$,$,468.0,0.0,7.0,12.0,14.0,32.6,17.2,77.7,9.0,middle,non ac,classroom,3.0,cloudy
2023-09-14 12:42:55,$,$,469.0,0.0,6.0,11.0,13.0,32.6,17.2,79.8,9.0,middle,non ac,classroom,3.0,cloudy
2023-09-14 12:43:00,$,$,469.0,0.0,6.0,11.0,13.0,32.6,17.2,72.0,9.0,middle,non ac,classroom,3.0,cloudy
2023-09-14 12:43:06,$,$,469.0,0.0,7.0,12.0,14.0,32.6,17.2,74.0,9.0,middle,non ac,classroom,3.0,cloudy
2023-09-14 12:43:11,$,$,468.0,0.0,7.0,13.0,14.0,32.6,17.2,80.7,9.0,middle,non ac,classroom,3.0,cloudy
2023-09-14 12:43:17,$,$,467.0,0.0,7.0,13.0,14.0,32.5,17.2,76.1,9.0,middle,non ac,classroom,3.0,cloudy
2023-09-14 12:43:23,$,$,466.0,0.0,6.0,12.0,13.0,32.6,17.2,72.1,9.0,middle,non ac,classroom,3.0,cloudy
2023-09-14 12:43:28,$,$,465.0,0.0,7.0,13.0,14.0,32.6,17.2,81.5,9.0,middle,non ac,classroom,3.0,cloudy
2023-09-14 12:43:34,$,$,465.0,0.0,7.0,13.0,14.0,32.6,17.2,77.4,9.0,middle,non ac,classroom,3.0,cloudy
2023-09-14 12:43:39,$,$,466.0,0.0,7.0,11.0,12.0,32.6,17.2,77.0,9.0,middle,non ac,classroom,3.0,cloudy
2023-09-14 12:43:45,$,$,465.0,0.0,8.0,12.0,13.0,32.6,17.2,79.0,9.0,middle,non ac,classroom,3.0,cloudy
2023-09-14 12:43:50,$,$,464.0,0.0,8.0,12.0,13.0,32.6,17.2,70.5,9.0,middle,non ac,classroom,3.0,cloudy
2023-09-14 12:43:56,$,$,464.0,0.0,6.0,11.0,12.0,32.6,17.2,76.0,9.0,middle,non ac,classroom,3.0,cloudy
2023-09-14 12:44:02,$,$,464.0,0.0,7.0,12.0,13.0,32.5,17.2,78.4,9.0,middle,non ac,classroom,3.0,cloudy
2023-09-14 12:44:07,$,$,465.0,0.0,6.0,11.0,12.0,32.6,17.2,72.6,9.0,middle,non ac,classroom,3.0,cloudy
2023-09-14 12:44:13,$,$,465.0,0.0,6.0,11.0,12.0,32.6,17.2,77.9,9.0,middle,non ac,classroom,3.0,cloudy
2023-09-14 12:44:18,$,$,464.0,0.0,5.0,11.0,12.0,32.6,17.2,76.6,9.0,middle,non ac,classroom,3.0,cloudy
2023-09-14 12:44:24,$,$,464.0,0.0,5.0,11.0,13.0,32.6,17.2,73.5,9.0,middle,non ac,classroom,3.0,cloudy
2023-09-14 12:44:30,$,$,464.0,0.0,6.0,12.0,14.0,32.6,17.2,78.4,9.0,middle,non ac,classroom,3.0,cloudy
2023-09-14 12:44:35,$,$,465.0,0.0,5.0,11.0,13.0,32.6,17.2,72.4,9.0,middle,non ac,classroom,3.0,cloudy
2023-09-14 12:44:41,$,$,466.0,0.0,5.0,11.0,13.0,32.6,17.2,74.3,8.0,middle,non ac,classroom,3.0,cloudy
2023-09-14 12:44:46,$,$,466.0,0.0,5.0,11.0,13.0,32.6,17.2,81.6,8.0,middle,non ac,classroom,3.0,cloudy
2023-09-14 12:44:52,$,$,465.0,0.0,6.0,12.0,14.0,32.6,17.2,76.1,8.0,middle,non ac,classroom,3.0,cloudy
2023-09-14 12:44:57,$,$,465.0,0.0,6.0,12.0,14.0,32.6,17.2,75.7,8.0,middle,non ac,classroom,3.0,cloudy
2023-09-14 12:45:03,$,$,465.0,0.0,6.0,11.0,12.0,32.6,17.2,78.9,8.0,middle,non ac,classroom,3.0,cloudy
2023-09-14 12:45:09,$,$,465.0,0.0,6.0,11.0,12.0,32.6,17.2,72.4,8.0,middle,non ac,classroom,3.0,cloudy
2023-09-14 12:45:14,$,$,466.0,0.0,6.0,11.0,13.0,32.6,17.3,76.0,8.0,middle,non ac,classroom,3.0,cloudy
2023-09-14 12:45:20,$,$,466.0,0.0,7.0,13.0,14.0,32.6,17.2,79.0,8.0,middle,non ac,classroom,3.0,cloudy
2023-09-14 12:45:25,$,$,466.0,0.0,7.0,13.0,14.0,32.6,17.2,76.5,6.0,middle,non ac,classroom,3.0,cloudy
2023-09-14 12:45:31,$,$,466.0,0.0,7.0,12.0,13.0,32.6,17.2,82.6,6.0,middle,non ac,classroom,3.0,cloudy
2023-09-14 12:45:36,$,$,466.0,0.0,8.0,13.0,14.0,32.6,17.3,76.4,6.0,middle,non ac,classroom,3.0,cloudy
2023-09-14 12:45:42,$,$,467.0,0.0,7.0,12.0,15.0,32.6,17.2,71.0,6.0,middle,non ac,classroom,3.0,cloudy
2023-09-14 12:45:48,$,$,467.0,0.0,8.0,13.0,16.0,32.6,17.2,72.4,6.0,middle,non ac,classroom,3.0,cloudy
2023-09-14 12:45:53,$,$,466.0,0.0,8.0,13.0,16.0,32.6,17.3,69.6,6.0,middle,non ac,classroom,3.0,cloudy
2023-09-14 12:45:59,$,$,466.0,0.0,8.0,13.0,14.0,32.6,17.2,75.7,6.0,middle,non ac,classroom,3.0,cloudy
2023-09-14 12:46:04,$,$,466.0,0.0,6.0,11.0,13.0,32.6,17.3,77.5,6.0,middle,non ac,classroom,3.0,cloudy
2023-09-14 12:46:10,$,$,466.0,0.0,7.0,12.0,14.0,32.6,17.3,72.0,6.0,middle,non ac,classroom,3.0,cloudy
2023-09-14 12:46:16,$,$,466.0,0.0,6.0,11.0,13.0,32.6,17.3,75.5,6.0,middle,non ac,classroom,3.0,cloudy
2023-09-14 12:46:21,$,$,466.0,0.0,6.0,11.0,13.0,32.6,17.3,77.7,6.0,middle,non ac,classroom,3.0,cloudy
2023-09-14 12:46:27,$,$,466.0,0.0,7.0,12.0,13.0,32.6,17.3,71.8,6.0,middle,non ac,classroom,3.0,cloudy
2023-09-14 12:46:32,$,$,465.0,0.0,6.0,11.0,12.0,32.6,17.3,77.3,6.0,middle,non ac,classroom,3.0,cloudy
2023-09-14 12:46:38,$,$,464.0,0.0,6.0,11.0,12.0,32.7,17.3,77.8,6.0,middle,non ac,classroom,3.0,cloudy
2023-09-14 12:46:43,$,$,464.0,0.0,6.0,11.0,12.0,32.6,17.3,77.6,6.0,middle,non ac,classroom,3.0,cloudy
2023-09-14 12:46:49,$,$,464.0,0.0,6.0,11.0,12.0,32.6,17.3,79.3,6.0,middle,non ac,classroom,3.0,cloudy
2023-09-14 12:46:55,$,$,463.0,0.0,7.0,11.0,13.0,32.7,17.2,72.8,6.0,middle,non ac,classroom,3.0,cloudy
2023-09-14 12:47:00,$,$,463.0,0.0,7.0,10.0,13.0,32.6,17.3,75.5,6.0,middle,non ac,classroom,3.0,cloudy
2023-09-14 12:47:06,$,$,462.0,0.0,7.0,10.0,13.0,32.7,17.2,77.4,6.0,middle,non ac,classroom,3.0,cloudy
2023-09-14 12:47:11,$,$,462.0,0.0,7.0,10.0,13.0,32.6,17.3,72.5,6.0,middle,non ac,classroom,3.0,cloudy
2023-09-14 12:47:17,$,$,462.0,0.0,7.0,11.0,14.0,32.6,17.3,71.0,6.0,middle,non ac,classroom,3.0,cloudy
2023-09-14 12:47:22,$,$,462.0,0.0,6.0,10.0,13.0,32.6,17.3,72.7,6.0,middle,non ac,classroom,3.0,cloudy
2023-09-14 12:47:28,$,$,461.0,0.0,6.0,10.0,13.0,32.7,17.3,74.2,6.0,middle,non ac,classroom,3.0,cloudy
2023-09-14 12:47:34,$,$,461.0,0.0,6.0,10.0,13.0,32.6,17.3,82.4,6.0,middle,non ac,classroom,3.0,cloudy
2023-09-14 12:47:39,$,$,460.0,0.0,7.0,11.0,14.0,32.7,17.3,78.3,6.0,middle,non ac,classroom,3.0,cloudy
2023-09-14 12:47:45,$,$,460.0,0.0,6.0,10.0,13.0,32.6,17.3,76.9,6.0,middle,non ac,classroom,3.0,cloudy
2023-09-14 12:47:50,$,$,459.0,0.0,6.0,11.0,13.0,32.7,17.3,70.3,6.0,middle,non ac,classroom,3.0,cloudy
2023-09-14 12:47:56,$,$,458.0,0.0,6.0,11.0,15.0,32.7,17.3,74.3,6.0,middle,non ac,classroom,3.0,cloudy
2023-09-14 12:48:02,$,$,457.0,0.0,6.0,11.0,15.0,32.6,17.3,71.6,6.0,middle,non ac,classroom,3.0,cloudy
2023-09-14 12:48:07,$,$,456.0,0.0,6.0,11.0,16.0,32.7,17.3,78.9,6.0,middle,non ac,classroom,3.0,cloudy
2023-09-14 12:48:13,$,$,455.0,0.0,6.0,11.0,16.0,32.7,17.3,76.8,6.0,middle,non ac,classroom,3.0,cloudy
2023-09-14 12:48:18,$,$,455.0,0.0,8.0,12.0,18.0,32.6,17.3,77.5,6.0,middle,non ac,classroom,3.0,cloudy
2023-09-14 12:48:24,$,$,455.0,0.0,8.0,12.0,18.0,32.7,17.2,78.5,6.0,middle,non ac,classroom,3.0,cloudy
2023-09-14 12:48:29,$,$,455.0,0.0,8.0,12.0,18.0,32.6,17.3,76.8,6.0,middle,non ac,classroom,3.0,cloudy
2023-09-14 12:48:35,$,$,454.0,0.0,7.0,12.0,18.0,32.6,17.3,72.8,6.0,middle,non ac,classroom,3.0,cloudy
2023-09-14 12:48:41,$,$,453.0,0.0,7.0,12.0,18.0,32.6,17.3,73.9,6.0,middle,non ac,classroom,3.0,cloudy
2023-09-14 12:48:46,$,$,453.0,0.0,9.0,12.0,19.0,32.7,17.3,79.2,6.0,middle,non ac,classroom,3.0,cloudy
2023-09-14 12:48:52,$,$,452.0,0.0,8.0,13.0,19.0,32.7,17.3,70.0,6.0,middle,non ac,classroom,3.0,cloudy
2023-09-14 12:48:57,$,$,452.0,0.0,7.0,12.0,18.0,32.6,17.3,78.4,6.0,middle,non ac,classroom,3.0,cloudy
2023-09-14 12:49:03,$,$,452.0,0.0,7.0,11.0,18.0,32.7,17.2,72.8,6.0,middle,non ac,classroom,3.0,cloudy
2023-09-14 12:49:08,$,$,451.0,0.0,7.0,11.0,17.0,32.6,17.2,77.7,6.0,middle,non ac,classroom,3.0,cloudy
2023-09-14 12:49:14,$,$,451.0,0.0,6.0,11.0,17.0,32.6,17.3,73.1,6.0,middle,non ac,classroom,3.0,cloudy
2023-09-14 12:49:20,$,$,450.0,0.0,6.0,11.0,16.0,32.6,17.3,76.4,6.0,middle,non ac,classroom,3.0,cloudy
2023-09-14 12:49:25,$,$,450.0,0.0,6.0,11.0,16.0,32.7,17.3,80.3,6.0,middle,non ac,classroom,3.0,cloudy
2023-09-14 12:49:31,$,$,450.0,0.0,6.0,11.0,16.0,32.7,17.3,74.0,6.0,middle,non ac,classroom,3.0,cloudy
2023-09-14 12:49:36,$,$,449.0,0.0,6.0,11.0,16.0,32.6,17.3,77.0,6.0,middle,non ac,classroom,3.0,cloudy
2023-09-14 12:49:42,$,$,448.0,0.0,6.0,11.0,17.0,32.6,17.3,80.5,6.0,middle,non ac,classroom,3.0,cloudy
2023-09-14 12:49:48,$,$,448.0,0.0,6.0,10.0,17.0,32.6,17.3,72.4,6.0,middle,non ac,classroom,3.0,cloudy
2023-09-14 12:49:53,$,$,448.0,0.0,6.0,10.0,17.0,32.6,17.3,77.0,6.0,middle,non ac,classroom,3.0,cloudy
2023-09-14 12:49:59,$,$,447.0,0.0,6.0,10.0,17.0,32.6,17.3,76.1,6.0,middle,non ac,classroom,3.0,cloudy
2023-09-14 12:50:04,$,$,446.0,0.0,6.0,10.0,17.0,32.7,17.3,73.9,6.0,middle,non ac,classroom,3.0,cloudy
2023-09-14 12:50:10,$,$,446.0,0.0,6.0,10.0,17.0,32.6,17.2,75.8,6.0,middle,non ac,classroom,3.0,cloudy
2023-09-14 12:50:15,$,$,446.0,0.0,6.0,10.0,16.0,32.6,17.3,78.7,6.0,middle,non ac,classroom,3.0,cloudy
2023-09-14 12:50:21,$,$,445.0,0.0,6.0,10.0,16.0,32.6,17.2,78.8,6.0,middle,non ac,classroom,3.0,cloudy
2023-09-14 12:50:27,$,$,445.0,0.0,6.0,11.0,16.0,32.6,17.3,80.3,6.0,middle,non ac,classroom,3.0,cloudy
2023-09-14 12:50:32,$,$,445.0,0.0,6.0,11.0,16.0,32.6,17.3,80.7,6.0,middle,non ac,classroom,3.0,cloudy
2023-09-14 12:50:38,$,$,445.0,0.0,5.0,10.0,15.0,32.6,17.3,73.2,6.0,middle,non ac,classroom,3.0,cloudy
2023-09-14 12:50:43,$,$,444.0,0.0,5.0,10.0,15.0,32.6,17.3,73.0,6.0,middle,non ac,classroom,3.0,cloudy
2023-09-14 12:50:49,$,$,444.0,0.0,5.0,10.0,15.0,32.6,17.3,79.2,6.0,middle,non ac,classroom,3.0,cloudy
2023-09-14 12:50:54,$,$,444.0,0.0,4.0,9.0,13.0,32.6,17.2,73.5,6.0,middle,non ac,classroom,3.0,cloudy
2023-09-14 12:51:00,$,$,444.0,0.0,4.0,9.0,13.0,32.6,17.2,79.6,6.0,middle,non ac,classroom,3.0,cloudy
2023-09-14 12:51:06,$,$,443.0,0.0,4.0,9.0,12.0,32.6,17.3,72.4,6.0,middle,non ac,classroom,3.0,cloudy
2023-09-14 12:51:11,$,$,443.0,0.0,4.0,9.0,12.0,32.6,17.3,73.9,6.0,middle,non ac,classroom,3.0,cloudy
2023-09-14 12:51:17,$,$,442.0,0.0,5.0,10.0,13.0,32.7,17.3,78.5,6.0,middle,non ac,classroom,3.0,cloudy
2023-09-14 12:51:22,$,$,442.0,0.0,4.0,9.0,11.0,32.6,17.3,69.6,6.0,middle,non ac,classroom,3.0,cloudy
2023-09-14 12:51:28,$,$,442.0,0.0,4.0,10.0,11.0,32.6,17.3,73.6,6.0,middle,non ac,classroom,3.0,cloudy
2023-09-14 12:51:34,$,$,442.0,0.0,4.0,10.0,11.0,32.6,17.3,79.8,6.0,middle,non ac,classroom,3.0,cloudy
2023-09-14 12:51:39,$,$,442.0,0.0,4.0,10.0,11.0,32.6,17.2,73.5,6.0,middle,non ac,classroom,3.0,cloudy
2023-09-14 12:51:45,$,$,442.0,0.0,4.0,10.0,11.0,32.6,17.2,71.5,6.0,middle,non ac,classroom,3.0,cloudy
2023-09-14 12:51:50,$,$,442.0,0.0,5.0,11.0,12.0,32.6,17.2,72.8,6.0,middle,non ac,classroom,3.0,cloudy
2023-09-14 12:51:56,$,$,442.0,0.0,5.0,11.0,12.0,32.6,17.3,76.9,6.0,middle,non ac,classroom,3.0,cloudy
2023-09-14 12:52:01,$,$,441.0,0.0,5.0,11.0,12.0,32.7,17.2,79.6,6.0,middle,non ac,classroom,3.0,cloudy
2023-09-14 12:52:07,$,$,441.0,0.0,5.0,11.0,12.0,32.6,17.2,75.7,6.0,middle,non ac,classroom,3.0,cloudy
2023-09-14 12:52:13,$,$,440.0,0.0,5.0,11.0,12.0,32.6,17.2,76.8,6.0,middle,non ac,classroom,3.0,cloudy
2023-09-14 12:52:18,$,$,440.0,0.0,6.0,12.0,13.0,32.6,17.3,76.8,6.0,middle,non ac,classroom,3.0,cloudy
2023-09-14 12:52:24,$,$,439.0,0.0,5.0,11.0,12.0,32.6,17.3,73.9,6.0,middle,non ac,classroom,3.0,cloudy
2023-09-14 12:52:29,$,$,439.0,0.0,6.0,11.0,13.0,32.6,17.3,75.1,6.0,middle,non ac,classroom,3.0,cloudy
2023-09-14 12:52:35,$,$,439.0,0.0,6.0,11.0,13.0,32.6,17.2,77.4,6.0,middle,non ac,classroom,3.0,cloudy
2023-09-14 12:52:40,$,$,439.0,0.0,6.0,11.0,15.0,32.6,17.3,73.3,6.0,middle,non ac,classroom,3.0,cloudy
2023-09-14 12:52:46,$,$,438.0,0.0,7.0,11.0,15.0,32.6,17.3,70.0,6.0,middle,non ac,classroom,3.0,cloudy
2023-09-14 12:52:52,$,$,439.0,0.0,8.0,12.0,17.0,32.6,17.2,80.5,6.0,middle,non ac,classroom,3.0,cloudy
2023-09-14 12:52:57,$,$,439.0,0.0,7.0,12.0,17.0,32.6,17.3,75.5,8.0,middle,non ac,classroom,3.0,cloudy
2023-09-14 12:53:03,$,$,438.0,0.0,7.0,12.0,17.0,32.6,17.3,78.6,8.0,middle,non ac,classroom,3.0,cloudy
2023-09-14 12:53:08,$,$,437.0,0.0,7.0,11.0,18.0,32.6,17.2,71.7,8.0,middle,non ac,classroom,3.0,cloudy
2023-09-14 12:53:14,$,$,436.0,0.0,7.0,11.0,18.0,32.6,17.2,75.7,8.0,middle,non ac,classroom,3.0,cloudy
2023-09-14 12:53:20,$,$,436.0,0.0,6.0,11.0,18.0,32.6,17.2,79.8,8.0,middle,non ac,classroom,3.0,cloudy
2023-09-14 12:53:25,$,$,436.0,0.0,6.0,11.0,17.0,32.6,17.3,72.1,8.0,middle,non ac,classroom,3.0,cloudy
2023-09-14 12:53:31,$,$,438.0,0.0,6.0,11.0,17.0,32.6,17.2,72.3,8.0,middle,non ac,classroom,3.0,cloudy
2023-09-14 12:53:36,$,$,437.0,0.0,5.0,11.0,17.0,32.6,17.2,79.3,8.0,middle,non ac,classroom,3.0,cloudy
2023-09-14 12:53:42,$,$,437.0,0.0,5.0,11.0,17.0,32.6,17.3,73.2,8.0,middle,non ac,classroom,3.0,cloudy
2023-09-14 12:53:47,$,$,437.0,0.0,5.0,10.0,16.0,32.6,17.2,78.3,8.0,middle,non ac,classroom,3.0,cloudy
2023-09-14 12:53:53,$,$,437.0,0.0,5.0,10.0,16.0,32.6,17.2,72.1,8.0,middle,non ac,classroom,3.0,cloudy
2023-09-14 12:53:59,$,$,437.0,0.0,5.0,10.0,16.0,32.6,17.3,72.6,8.0,middle,non ac,classroom,3.0,cloudy
2023-09-14 12:54:04,$,$,437.0,0.0,6.0,11.0,16.0,32.6,17.2,72.4,8.0,middle,non ac,classroom,3.0,cloudy
2023-09-14 12:54:10,$,$,437.0,0.0,6.0,11.0,16.0,32.6,17.2,77.2,8.0,middle,non ac,classroom,3.0,cloudy
2023-09-14 12:54:15,$,$,436.0,0.0,6.0,11.0,15.0,32.6,17.2,75.3,8.0,middle,non ac,classroom,3.0,cloudy
2023-09-14 12:54:21,$,$,435.0,0.0,6.0,11.0,15.0,32.6,17.2,78.3,8.0,middle,non ac,classroom,3.0,cloudy
2023-09-14 12:54:26,$,$,435.0,0.0,6.0,11.0,15.0,32.6,17.2,80.6,8.0,middle,non ac,classroom,3.0,cloudy
2023-09-14 12:54:32,$,$,436.0,0.0,6.0,10.0,13.0,32.6,17.2,73.8,8.0,middle,non ac,classroom,3.0,cloudy
2023-09-14 12:54:38,$,$,436.0,0.0,6.0,10.0,12.0,32.6,17.2,75.7,8.0,middle,non ac,classroom,3.0,cloudy
2023-09-14 12:54:43,$,$,436.0,0.0,6.0,10.0,12.0,32.6,17.2,80.3,8.0,middle,non ac,classroom,3.0,cloudy
2023-09-14 12:54:49,$,$,435.0,0.0,6.0,10.0,12.0,32.6,17.2,76.8,8.0,middle,non ac,classroom,3.0,cloudy
2023-09-14 12:54:54,$,$,435.0,0.0,6.0,10.0,11.0,32.6,17.2,80.6,8.0,middle,non ac,classroom,3.0,cloudy
2023-09-14 12:55:00,$,$,436.0,0.0,6.0,10.0,11.0,32.6,17.2,74.2,8.0,middle,non ac,classroom,3.0,cloudy
2023-09-14 12:55:06,$,$,436.0,0.0,6.0,11.0,12.0,32.6,17.2,76.1,8.0,middle,non ac,classroom,3.0,cloudy
2023-09-14 12:55:11,$,$,435.0,0.0,6.0,11.0,12.0,32.6,17.2,79.0,8.0,middle,non ac,classroom,3.0,cloudy
2023-09-14 12:55:17,$,$,435.0,0.0,6.0,11.0,11.0,32.6,17.2,71.4,8.0,middle,non ac,classroom,3.0,cloudy
2023-09-14 12:55:22,$,$,435.0,0.0,6.0,11.0,11.0,32.6,17.2,70.9,8.0,middle,non ac,classroom,3.0,cloudy
2023-09-14 12:55:28,$,$,435.0,0.0,6.0,11.0,11.0,32.6,17.2,77.5,8.0,middle,non ac,classroom,3.0,cloudy
2023-09-14 12:55:33,$,$,436.0,0.0,6.0,10.0,11.0,32.6,17.2,71.3,8.0,middle,non ac,classroom,3.0,cloudy
2023-09-14 12:55:39,$,$,436.0,0.0,5.0,10.0,11.0,32.6,17.2,72.5,8.0,middle,non ac,classroom,3.0,cloudy
2023-09-14 12:55:45,$,$,436.0,0.0,5.0,10.0,11.0,32.6,17.2,81.9,8.0,middle,non ac,classroom,3.0,cloudy
2023-09-14 12:55:50,$,$,436.0,0.0,5.0,10.0,11.0,32.6,17.3,73.3,8.0,middle,non ac,classroom,3.0,cloudy
2023-09-14 12:55:56,$,$,436.0,0.0,5.0,10.0,11.0,32.6,17.2,71.4,8.0,middle,non ac,classroom,3.0,cloudy
2023-09-14 12:56:01,$,$,435.0,0.0,6.0,12.0,12.0,32.6,17.2,71.8,8.0,middle,non ac,classroom,3.0,cloudy
2023-09-14 12:56:07,$,$,435.0,0.0,6.0,12.0,12.0,32.6,17.2,74.4,8.0,middle,non ac,classroom,3.0,cloudy
2023-09-14 12:56:12,$,$,435.0,0.0,6.0,12.0,12.0,32.6,17.2,75.0,8.0,middle,non ac,classroom,3.0,cloudy
2023-09-14 12:56:18,$,$,434.0,0.0,6.0,12.0,12.0,32.6,17.2,72.2,8.0,middle,non ac,classroom,3.0,cloudy
2023-09-14 12:56:24,$,$,434.0,0.0,5.0,11.0,11.0,32.6,17.3,73.5,8.0,middle,non ac,classroom,3.0,cloudy
2023-09-14 12:56:29,$,$,434.0,0.0,6.0,12.0,13.0,32.6,17.2,80.0,8.0,middle,non ac,classroom,3.0,cloudy
2023-09-14 12:56:35,$,$,433.0,0.0,5.0,11.0,12.0,32.6,17.2,72.7,8.0,middle,non ac,classroom,3.0,cloudy
2023-09-14 12:56:40,$,$,433.0,0.0,6.0,12.0,12.0,32.6,17.2,72.5,8.0,middle,non ac,classroom,3.0,cloudy
2023-09-14 12:56:46,$,$,433.0,0.0,6.0,12.0,12.0,32.6,17.3,76.4,8.0,middle,non ac,classroom,3.0,cloudy
2023-09-14 12:56:52,$,$,432.0,0.0,4.0,11.0,11.0,32.6,17.2,73.6,8.0,middle,non ac,classroom,3.0,cloudy
2023-09-14 12:56:57,$,$,432.0,0.0,5.0,11.0,12.0,32.6,17.2,80.8,8.0,middle,non ac,classroom,3.0,cloudy
2023-09-14 12:57:03,$,$,432.0,0.0,4.0,10.0,11.0,32.6,17.2,80.4,8.0,middle,non ac,classroom,3.0,cloudy
2023-09-14 12:57:08,$,$,432.0,0.0,5.0,11.0,12.0,32.6,17.2,72.3,8.0,middle,non ac,classroom,3.0,cloudy
2023-09-14 12:57:14,$,$,431.0,0.0,5.0,11.0,12.0,32.6,17.2,72.7,8.0,middle,non ac,classroom,3.0,cloudy
2023-09-14 12:57:19,$,$,431.0,0.0,5.0,10.0,12.0,32.6,17.3,69.2,8.0,middle,non ac,classroom,3.0,cloudy
2023-09-14 12:57:25,$,$,430.0,0.0,5.0,10.0,12.0,32.6,17.2,71.6,8.0,middle,non ac,classroom,3.0,cloudy
2023-09-14 12:57:31,$,$,431.0,0.0,6.0,12.0,13.0,32.6,17.3,77.9,8.0,middle,non ac,classroom,3.0,cloudy
2023-09-14 12:57:36,$,$,431.0,0.0,6.0,11.0,13.0,32.6,17.2,73.8,8.0,middle,non ac,classroom,3.0,cloudy
2023-09-14 12:57:42,$,$,432.0,0.0,7.0,12.0,14.0,32.6,17.3,71.0,8.0,middle,non ac,classroom,3.0,cloudy
2023-09-14 12:57:47,$,$,431.0,0.0,7.0,12.0,14.0,32.6,17.2,78.9,8.0,middle,non ac,classroom,3.0,cloudy
2023-09-14 12:57:53,$,$,431.0,0.0,6.0,11.0,15.0,32.6,17.2,72.7,8.0,middle,non ac,classroom,3.0,cloudy
2023-09-14 12:57:58,$,$,431.0,0.0,7.0,12.0,16.0,32.6,17.2,74.2,8.0,middle,non ac,classroom,3.0,cloudy
2023-09-14 12:58:04,$,$,430.0,0.0,6.0,11.0,15.0,32.6,17.2,79.0,8.0,middle,non ac,classroom,3.0,cloudy
2023-09-14 12:58:10,$,$,430.0,0.0,6.0,12.0,14.0,32.6,17.2,73.1,8.0,middle,non ac,classroom,3.0,cloudy
2023-09-14 12:58:15,$,$,430.0,0.0,5.0,11.0,13.0,32.6,17.2,75.7,8.0,middle,non ac,classroom,3.0,cloudy
2023-09-14 12:58:21,$,$,429.0,0.0,6.0,11.0,13.0,32.6,17.2,78.6,8.0,middle,non ac,classroom,3.0,cloudy
2023-09-14 12:58:26,$,$,428.0,0.0,5.0,10.0,12.0,32.6,17.3,72.1,8.0,middle,non ac,classroom,3.0,cloudy
2023-09-14 12:58:32,$,$,428.0,0.0,5.0,11.0,12.0,32.6,17.2,72.9,8.0,middle,non ac,classroom,3.0,cloudy
2023-09-14 12:58:38,$,$,429.0,0.0,4.0,10.0,11.0,32.6,17.2,79.7,8.0,middle,non ac,classroom,3.0,cloudy
2023-09-14 12:58:43,$,$,429.0,0.0,4.0,10.0,11.0,32.6,17.2,77.5,8.0,middle,non ac,classroom,3.0,cloudy
2023-09-14 12:58:49,$,$,429.0,0.0,5.0,10.0,12.0,32.6,17.2,77.8,8.0,middle,non ac,classroom,3.0,cloudy
2023-09-14 12:58:54,$,$,428.0,0.0,4.0,9.0,10.0,32.6,17.2,78.0,8.0,middle,non ac,classroom,3.0,cloudy
2023-09-14 12:59:00,$,$,427.0,0.0,4.0,9.0,9.0,32.6,17.2,78.9,8.0,middle,non ac,classroom,3.0,cloudy
2023-09-14 12:59:05,$,$,427.0,0.0,4.0,9.0,9.0,32.6,17.2,78.8,8.0,middle,non ac,classroom,3.0,cloudy
2023-09-14 12:59:11,$,$,427.0,0.0,4.0,7.0,7.0,32.6,17.2,72.1,8.0,middle,non ac,classroom,3.0,cloudy
2023-09-14 12:59:17,$,$,426.0,0.0,4.0,7.0,7.0,32.6,17.2,75.5,8.0,middle,non ac,classroom,3.0,cloudy
2023-09-14 12:59:22,$,$,426.0,0.0,4.0,7.0,9.0,32.6,17.2,72.8,8.0,middle,non ac,classroom,3.0,cloudy
2023-09-14 12:59:28,$,$,424.0,0.0,5.0,7.0,9.0,32.6,17.2,71.5,8.0,middle,non ac,classroom,3.0,cloudy
2023-09-14 12:59:33,$,$,424.0,0.0,5.0,7.0,9.0,32.6,17.2,72.7,8.0,middle,non ac,classroom,3.0,cloudy
2023-09-14 12:59:39,$,$,424.0,0.0,6.0,8.0,10.0,32.6,17.2,75.0,8.0,middle,non ac,classroom,3.0,cloudy
2023-09-14 12:59:44,$,$,424.0,0.0,5.0,7.0,10.0,32.6,17.3,71.4,8.0,middle,non ac,classroom,3.0,cloudy
2023-09-14 12:59:50,$,$,424.0,0.0,5.0,9.0,10.0,32.7,17.2,75.7,8.0,middle,non ac,classroom,3.0,cloudy
2023-09-14 12:59:56,$,$,423.0,0.0,5.0,9.0,10.0,32.6,17.2,72.1,8.0,middle,non ac,classroom,3.0,cloudy
2023-09-14 13:00:01,$,$,423.0,0.0,5.0,9.0,10.0,32.6,17.2,77.6,8.0,middle,non ac,classroom,3.0,cloudy
2023-09-14 13:00:07,$,$,423.0,0.0,6.0,10.0,11.0,32.6,17.2,73.1,8.0,middle,non ac,classroom,3.0,cloudy
2023-09-14 13:00:12,$,$,424.0,0.0,6.0,10.0,11.0,32.6,17.3,76.1,10.0,middle,non ac,classroom,3.0,cloudy
2023-09-14 13:00:18,$,$,424.0,0.0,5.0,9.0,10.0,32.6,17.2,77.9,10.0,middle,non ac,classroom,3.0,cloudy
2023-09-14 13:00:24,$,$,424.0,0.0,5.0,9.0,10.0,32.6,17.2,79.6,10.0,middle,non ac,classroom,3.0,cloudy
2023-09-14 13:00:29,$,$,424.0,0.0,5.0,9.0,10.0,32.6,17.3,75.7,10.0,middle,non ac,classroom,3.0,cloudy
2023-09-14 13:00:35,$,$,424.0,0.0,6.0,10.0,11.0,32.6,17.3,72.6,6.0,middle,non ac,classroom,3.0,cloudy
2023-09-14 13:00:40,$,$,425.0,0.0,5.0,9.0,10.0,32.6,17.2,80.2,6.0,middle,non ac,classroom,3.0,cloudy
2023-09-14 13:00:46,$,$,426.0,0.0,6.0,10.0,11.0,32.6,17.2,77.4,6.0,middle,non ac,classroom,3.0,cloudy
2023-09-14 13:00:51,$,$,426.0,0.0,6.0,10.0,12.0,32.6,17.2,73.5,6.0,middle,non ac,classroom,3.0,cloudy
2023-09-14 13:00:57,$,$,426.0,0.0,6.0,11.0,11.0,32.6,17.3,79.6,6.0,middle,non ac,classroom,3.0,cloudy
2023-09-14 13:01:03,$,$,427.0,0.0,6.0,10.0,10.0,32.6,17.3,85.5,8.0,middle,non ac,classroom,3.0,cloudy
2023-09-14 13:01:08,$,$,428.0,0.0,6.0,10.0,10.0,32.6,17.2,77.8,9.0,middle,non ac,classroom,3.0,cloudy
2023-09-14 13:01:14,$,$,429.0,0.0,7.0,11.0,11.0,32.6,17.2,73.8,9.0,middle,non ac,classroom,3.0,cloudy
2023-09-14 13:01:19,$,$,429.0,0.0,6.0,10.0,10.0,32.6,17.2,73.9,9.0,middle,non ac,classroom,3.0,cloudy
2023-09-14 13:01:25,$,$,429.0,0.0,7.0,11.0,11.0,32.6,17.2,76.7,8.0,middle,non ac,classroom,3.0,cloudy
2023-09-14 13:01:30,$,$,429.0,0.0,7.0,11.0,11.0,32.6,17.3,80.4,8.0,middle,non ac,classroom,3.0,cloudy
2023-09-14 13:01:36,$,$,429.0,0.0,6.0,10.0,10.0,32.6,17.3,72.4,8.0,middle,non ac,classroom,3.0,cloudy
2023-09-14 13:01:42,$,$,429.0,0.0,7.0,11.0,11.0,32.6,17.3,78.3,8.0,middle,non ac,classroom,3.0,cloudy
2023-09-14 13:01:47,$,$,430.0,0.0,6.0,10.0,10.0,32.6,17.2,73.2,8.0,middle,non ac,classroom,3.0,cloudy
2023-09-14 13:01:53,$,$,431.0,0.0,6.0,10.0,11.0,32.6,17.3,79.3,8.0,middle,non ac,classroom,3.0,cloudy
2023-09-14 13:01:58,$,$,431.0,0.0,6.0,10.0,11.0,32.6,17.3,76.8,7.0,middle,non ac,classroom,3.0,cloudy
2023-09-14 13:02:04,$,$,431.0,0.0,6.0,10.0,11.0,32.6,17.3,71.4,7.0,middle,non ac,classroom,3.0,cloudy
2023-09-14 13:02:10,$,$,432.0,0.0,7.0,10.0,12.0,32.7,17.3,72.5,7.0,middle,non ac,classroom,3.0,cloudy
2023-09-14 13:02:15,$,$,433.0,0.0,7.0,10.0,11.0,32.6,17.3,77.1,7.0,middle,non ac,classroom,3.0,cloudy
2023-09-14 13:02:21,$,$,434.0,0.0,7.0,10.0,11.0,32.7,17.3,77.5,6.0,middle,non ac,classroom,3.0,cloudy
2023-09-14 13:02:26,$,$,434.0,0.0,5.0,9.0,10.0,32.6,17.3,78.1,6.0,middle,non ac,classroom,3.0,cloudy
2023-09-14 13:02:32,$,$,435.0,0.0,6.0,8.0,11.0,32.7,17.3,72.2,6.0,middle,non ac,classroom,3.0,cloudy
2023-09-14 13:02:37,$,$,435.0,0.0,5.0,7.0,10.0,32.6,17.3,71.9,6.0,middle,non ac,classroom,3.0,cloudy
2023-09-14 13:02:43,$,$,437.0,0.0,5.0,7.0,11.0,32.6,17.2,78.8,6.0,middle,non ac,classroom,3.0,cloudy
2023-09-14 13:02:49,$,$,438.0,0.0,6.0,8.0,12.0,32.6,17.2,76.2,6.0,middle,non ac,classroom,3.0,cloudy
2023-09-14 13:02:54,$,$,440.0,0.0,5.0,9.0,11.0,32.6,17.2,72.5,6.0,middle,non ac,classroom,3.0,cloudy
2023-09-14 13:03:00,$,$,440.0,0.0,6.0,10.0,12.0,32.6,17.2,78.5,6.0,middle,non ac,classroom,3.0,cloudy
2023-09-14 13:03:05,$,$,441.0,0.0,5.0,9.0,11.0,32.6,17.3,85.9,6.0,middle,non ac,classroom,3.0,cloudy
2023-09-14 13:03:11,$,$,442.0,0.0,6.0,10.0,12.0,32.6,17.2,79.2,7.0,middle,non ac,classroom,3.0,cloudy
2023-09-14 13:03:16,$,$,443.0,0.0,6.0,10.0,12.0,32.6,17.2,78.1,7.0,middle,non ac,classroom,3.0,cloudy
2023-09-14 13:03:22,$,$,444.0,0.0,6.0,10.0,12.0,32.6,17.2,72.7,7.0,middle,non ac,classroom,3.0,cloudy
2023-09-14 13:03:28,$,$,445.0,0.0,5.0,9.0,11.0,32.6,17.3,69.7,7.0,middle,non ac,classroom,3.0,cloudy
2023-09-14 13:03:33,$,$,446.0,0.0,6.0,10.0,12.0,32.6,17.2,78.4,7.0,middle,non ac,classroom,3.0,cloudy
2023-09-14 13:03:39,$,$,446.0,0.0,6.0,10.0,12.0,32.6,17.3,73.1,8.0,middle,non ac,classroom,3.0,cloudy
2023-09-14 13:03:44,$,$,446.0,0.0,6.0,10.0,12.0,32.6,17.2,77.0,8.0,middle,non ac,classroom,3.0,cloudy
2023-09-14 13:03:50,$,$,447.0,0.0,6.0,10.0,12.0,32.6,17.2,71.4,7.0,middle,non ac,classroom,3.0,cloudy
2023-09-14 13:03:56,$,$,447.0,0.0,6.0,10.0,12.0,32.6,17.3,71.0,7.0,middle,non ac,classroom,3.0,cloudy
2023-09-14 13:04:01,$,$,447.0,0.0,6.0,10.0,12.0,32.6,17.3,78.7,7.0,middle,non ac,classroom,3.0,cloudy
2023-09-14 13:04:07,$,$,446.0,0.0,5.0,9.0,11.0,32.6,17.3,77.3,7.0,middle,non ac,classroom,3.0,cloudy
2023-09-14 13:04:12,$,$,446.0,0.0,5.0,10.0,11.0,32.6,17.2,72.4,7.0,middle,non ac,classroom,3.0,cloudy
2023-09-14 13:04:18,$,$,446.0,0.0,6.0,11.0,12.0,32.6,17.3,78.8,7.0,middle,non ac,classroom,3.0,cloudy
2023-09-14 13:04:23,$,$,447.0,0.0,6.0,11.0,12.0,32.6,17.3,79.0,7.0,middle,non ac,classroom,3.0,cloudy
2023-09-14 13:04:29,$,$,447.0,0.0,5.0,11.0,11.0,32.6,17.2,72.9,7.0,middle,non ac,classroom,3.0,cloudy
2023-09-14 13:04:35,$,$,447.0,0.0,6.0,12.0,12.0,32.6,17.2,76.2,7.0,middle,non ac,classroom,3.0,cloudy
2023-09-14 13:04:40,$,$,446.0,0.0,6.0,12.0,13.0,32.6,17.3,70.2,7.0,middle,non ac,classroom,3.0,cloudy
2023-09-14 13:04:46,$,$,446.0,0.0,6.0,12.0,13.0,32.6,17.3,72.8,7.0,middle,non ac,classroom,3.0,cloudy
2023-09-14 13:04:51,$,$,446.0,0.0,6.0,12.0,13.0,32.6,17.2,77.9,9.0,middle,non ac,classroom,3.0,cloudy
2023-09-14 13:04:57,$,$,447.0,0.0,5.0,11.0,12.0,32.6,17.2,79.5,9.0,middle,non ac,classroom,3.0,cloudy
2023-09-14 13:05:02,$,$,447.0,0.0,5.0,11.0,12.0,32.6,17.2,76.2,9.0,middle,non ac,classroom,3.0,cloudy
2023-09-14 13:05:08,$,$,447.0,0.0,5.0,11.0,12.0,32.6,17.2,86.1,9.0,middle,non ac,classroom,3.0,cloudy
2023-09-14 13:05:14,$,$,446.0,0.0,5.0,11.0,12.0,32.6,17.3,71.4,9.0,middle,non ac,classroom,3.0,cloudy
2023-09-14 13:05:19,$,$,447.0,0.0,5.0,11.0,12.0,32.6,17.2,77.6,9.0,middle,non ac,classroom,3.0,cloudy
2023-09-14 13:05:25,$,$,447.0,0.0,6.0,12.0,13.0,32.6,17.3,72.7,9.0,middle,non ac,classroom,3.0,cloudy
2023-09-14 13:05:30,$,$,448.0,0.0,5.0,11.0,11.0,32.7,17.3,70.2,9.0,middle,non ac,classroom,3.0,cloudy
2023-09-14 13:05:36,$,$,447.0,0.0,5.0,11.0,11.0,32.7,17.3,79.5,9.0,middle,non ac,classroom,3.0,cloudy
2023-09-14 13:05:42,$,$,447.0,0.0,5.0,10.0,11.0,32.6,17.3,73.9,9.0,middle,non ac,classroom,3.0,cloudy
2023-09-14 13:05:47,$,$,447.0,0.0,6.0,11.0,12.0,32.6,17.3,79.8,9.0,middle,non ac,classroom,3.0,cloudy
2023-09-14 13:05:53,$,$,447.0,0.0,6.0,10.0,11.0,32.6,17.3,72.1,9.0,middle,non ac,classroom,3.0,cloudy
2023-09-14 13:05:58,$,$,447.0,0.0,6.0,10.0,11.0,32.6,17.3,72.8,9.0,middle,non ac,classroom,3.0,cloudy
2023-09-14 13:06:04,$,$,447.0,0.0,5.0,10.0,11.0,32.7,17.3,72.4,9.0,middle,non ac,classroom,3.0,cloudy
2023-09-14 13:06:09,$,$,448.0,0.0,5.0,10.0,11.0,32.7,17.3,78.4,9.0,middle,non ac,classroom,3.0,cloudy
2023-09-14 13:06:15,$,$,448.0,0.0,4.0,7.0,9.0,32.7,17.3,75.5,9.0,middle,non ac,classroom,3.0,cloudy
2023-09-14 13:06:21,$,$,448.0,0.0,5.0,8.0,10.0,32.7,17.3,79.0,9.0,middle,non ac,classroom,3.0,cloudy
2023-09-14 13:06:26,$,$,447.0,0.0,4.0,7.0,9.0,32.7,17.3,75.1,9.0,middle,non ac,classroom,3.0,cloudy
2023-09-14 13:06:32,$,$,448.0,0.0,5.0,8.0,10.0,32.7,17.3,73.1,9.0,middle,non ac,classroom,3.0,cloudy
2023-09-14 13:06:37,$,$,448.0,0.0,5.0,8.0,10.0,32.7,17.3,79.4,8.0,middle,non ac,classroom,3.0,cloudy
2023-09-14 13:06:43,$,$,448.0,0.0,5.0,8.0,11.0,32.6,17.3,75.4,8.0,middle,non ac,classroom,3.0,cloudy
2023-09-14 13:06:48,$,$,447.0,0.0,3.0,8.0,11.0,32.7,17.3,74.0,8.0,middle,non ac,classroom,3.0,cloudy
2023-09-14 13:06:54,$,$,448.0,0.0,2.0,7.0,11.0,32.7,17.3,80.1,8.0,middle,non ac,classroom,3.0,cloudy
2023-09-14 13:07:00,$,$,449.0,0.0,2.0,7.0,11.0,32.7,17.3,72.7,10.0,middle,non ac,classroom,3.0,cloudy
2023-09-14 13:07:05,$,$,448.0,0.0,2.0,7.0,11.0,32.6,17.3,73.3,10.0,middle,non ac,classroom,3.0,cloudy
2023-09-14 13:07:11,$,$,447.0,0.0,2.0,7.0,11.0,32.7,17.3,72.1,10.0,middle,non ac,classroom,3.0,cloudy
2023-09-14 13:07:16,$,$,447.0,0.0,2.0,9.0,11.0,32.7,17.3,72.7,10.0,middle,non ac,classroom,3.0,cloudy
2023-09-14 13:07:22,$,$,447.0,0.0,3.0,10.0,12.0,32.7,17.3,77.9,10.0,middle,non ac,classroom,3.0,cloudy
2023-09-14 13:07:28,$,$,447.0,0.0,3.0,10.0,11.0,32.7,17.3,71.3,10.0,middle,non ac,classroom,3.0,cloudy
2023-09-14 13:07:33,$,$,448.0,0.0,3.0,10.0,11.0,32.7,17.3,72.4,10.0,middle,non ac,classroom,3.0,cloudy
2023-09-14 13:07:39,$,$,448.0,0.0,3.0,11.0,12.0,32.7,17.3,79.6,10.0,middle,non ac,classroom,3.0,cloudy
2023-09-14 13:07:44,$,$,449.0,0.0,2.0,10.0,11.0,32.7,17.3,74.7,10.0,middle,non ac,classroom,3.0,cloudy
2023-09-14 13:07:50,$,$,449.0,0.0,3.0,11.0,12.0,32.7,17.3,76.1,10.0,middle,non ac,classroom,3.0,cloudy
2023-09-14 13:07:55,$,$,449.0,0.0,2.0,9.0,11.0,32.7,17.3,76.0,10.0,middle,non ac,classroom,3.0,cloudy
2023-09-14 13:08:01,$,$,449.0,0.0,3.0,10.0,12.0,32.7,17.3,73.8,10.0,middle,non ac,classroom,3.0,cloudy
2023-09-14 13:08:07,$,$,450.0,0.0,2.0,9.0,11.0,32.7,17.3,73.1,10.0,middle,non ac,classroom,3.0,cloudy
2023-09-14 13:08:12,$,$,450.0,0.0,3.0,10.0,12.0,32.7,17.3,78.4,10.0,middle,non ac,classroom,3.0,cloudy
2023-09-14 13:08:18,$,$,450.0,0.0,2.0,9.0,11.0,32.7,17.3,73.0,10.0,middle,non ac,classroom,3.0,cloudy
2023-09-14 13:08:23,$,$,450.0,0.0,3.0,10.0,12.0,32.7,17.3,81.2,10.0,middle,non ac,classroom,3.0,cloudy
2023-09-14 13:08:29,$,$,451.0,0.0,4.0,9.0,11.0,32.7,17.3,78.6,10.0,middle,non ac,classroom,3.0,cloudy
2023-09-14 13:08:34,$,$,452.0,0.0,4.0,7.0,11.0,32.7,17.4,72.4,10.0,middle,non ac,classroom,3.0,cloudy
2023-09-14 13:08:40,$,$,452.0,0.0,5.0,8.0,12.0,32.7,17.4,78.3,10.0,middle,non ac,classroom,3.0,cloudy
2023-09-14 13:08:46,$,$,453.0,0.0,4.0,7.0,10.0,32.7,17.4,71.6,10.0,middle,non ac,classroom,3.0,cloudy
2023-09-14 13:08:51,$,$,453.0,0.0,2.0,7.0,10.0,32.7,17.3,70.9,10.0,middle,non ac,classroom,3.0,cloudy
2023-09-14 13:08:57,$,$,453.0,0.0,3.0,8.0,11.0,32.7,17.3,79.6,10.0,middle,non ac,classroom,3.0,cloudy
2023-09-14 13:09:02,$,$,454.0,0.0,3.0,8.0,11.0,32.7,17.3,73.6,10.0,middle,non ac,classroom,3.0,cloudy
2023-09-14 13:09:08,$,$,455.0,0.0,3.0,8.0,11.0,32.7,17.3,78.6,10.0,middle,non ac,classroom,3.0,cloudy
2023-09-14 13:09:13,$,$,455.0,0.0,2.0,7.0,10.0,32.7,17.3,73.9,10.0,middle,non ac,classroom,3.0,cloudy
2023-09-14 13:09:19,$,$,455.0,0.0,3.0,8.0,12.0,32.7,17.3,73.5,10.0,middle,non ac,classroom,3.0,cloudy
2023-09-14 13:09:25,$,$,456.0,0.0,2.0,9.0,11.0,32.7,17.3,73.5,10.0,middle,non ac,classroom,3.0,cloudy
2023-09-14 13:09:30,$,$,457.0,0.0,2.0,9.0,11.0,32.7,17.3,79.2,10.0,middle,non ac,classroom,3.0,cloudy
2023-09-14 13:09:36,$,$,457.0,0.0,2.0,9.0,11.0,32.7,17.3,75.3,6.0,middle,non ac,classroom,3.0,cloudy
2023-09-14 13:09:41,$,$,457.0,0.0,2.0,9.0,11.0,32.7,17.3,79.4,6.0,middle,non ac,classroom,3.0,cloudy
2023-09-14 13:09:47,$,$,456.0,0.0,2.0,9.0,11.0,32.7,17.3,78.2,6.0,middle,non ac,classroom,3.0,cloudy
2023-09-14 13:09:53,$,$,456.0,0.0,3.0,10.0,11.0,32.7,17.3,77.0,6.0,middle,non ac,classroom,3.0,cloudy
2023-09-14 13:09:58,$,$,456.0,0.0,3.0,10.0,11.0,32.7,17.3,72.2,6.0,middle,non ac,classroom,3.0,cloudy
2023-09-14 13:10:04,$,$,456.0,0.0,3.0,10.0,11.0,32.7,17.3,79.5,6.0,middle,non ac,classroom,3.0,cloudy
2023-09-14 13:10:09,$,$,456.0,0.0,3.0,10.0,10.0,32.7,17.3,70.8,6.0,middle,non ac,classroom,3.0,cloudy
2023-09-14 13:10:15,$,$,456.0,0.0,2.0,7.0,9.0,32.7,17.3,79.3,6.0,middle,non ac,classroom,3.0,cloudy
2023-09-14 13:10:20,$,$,456.0,0.0,2.0,8.0,10.0,32.7,17.3,80.0,6.0,middle,non ac,classroom,3.0,cloudy
2023-09-14 13:10:26,$,$,455.0,0.0,2.0,8.0,10.0,32.7,17.3,86.8,6.0,middle,non ac,classroom,3.0,cloudy
2023-09-14 13:10:32,$,$,455.0,0.0,1.0,6.0,9.0,32.7,17.3,78.4,6.0,middle,non ac,classroom,3.0,cloudy
2023-09-14 13:10:37,$,$,455.0,0.0,2.0,7.0,10.0,32.7,17.3,72.8,6.0,middle,non ac,classroom,3.0,cloudy
2023-09-14 13:10:43,$,$,454.0,0.0,1.0,6.0,7.0,32.7,17.3,76.3,6.0,middle,non ac,classroom,3.0,cloudy
2023-09-14 13:10:48,$,$,453.0,0.0,1.0,6.0,7.0,32.7,17.3,79.6,6.0,middle,non ac,classroom,3.0,cloudy
2023-09-14 13:10:54,$,$,452.0,0.0,2.0,6.0,7.0,32.7,17.3,71.5,6.0,middle,non ac,classroom,3.0,cloudy
2023-09-14 13:10:59,$,$,451.0,0.0,2.0,5.0,6.0,32.7,17.3,72.8,6.0,middle,non ac,classroom,3.0,cloudy
2023-09-14 13:11:05,$,$,451.0,0.0,2.0,5.0,6.0,32.7,17.3,78.0,6.0,middle,non ac,classroom,3.0,cloudy
2023-09-14 13:11:11,$,$,450.0,0.0,3.0,6.0,7.0,32.7,17.3,74.2,6.0,middle,non ac,classroom,3.0,cloudy
2023-09-14 13:11:16,$,$,448.0,0.0,3.0,6.0,7.0,32.7,17.3,77.2,6.0,middle,non ac,classroom,3.0,cloudy
2023-09-14 13:11:22,$,$,447.0,0.0,2.0,5.0,6.0,32.7,17.3,79.2,6.0,middle,non ac,classroom,3.0,cloudy
2023-09-14 13:11:27,$,$,446.0,0.0,3.0,6.0,8.0,32.7,17.3,71.9,6.0,middle,non ac,classroom,3.0,cloudy
2023-09-14 13:11:33,$,$,445.0,0.0,5.0,6.0,7.0,32.7,17.3,77.7,6.0,middle,non ac,classroom,3.0,cloudy
2023-09-14 13:11:39,$,$,443.0,0.0,5.0,6.0,7.0,32.7,17.3,81.1,7.0,middle,non ac,classroom,3.0,cloudy
2023-09-14 13:11:44,$,$,442.0,0.0,5.0,6.0,7.0,32.7,17.3,78.4,7.0,middle,non ac,classroom,3.0,cloudy
2023-09-14 13:11:50,$,$,440.0,0.0,5.0,7.0,7.0,32.7,17.3,80.5,7.0,middle,non ac,classroom,3.0,cloudy
2023-09-14 13:11:55,$,$,438.0,0.0,3.0,7.0,7.0,32.7,17.3,71.7,7.0,middle,non ac,classroom,3.0,cloudy
2023-09-14 13:12:01,$,$,436.0,0.0,3.0,7.0,7.0,32.7,17.3,70.6,7.0,middle,non ac,classroom,3.0,cloudy
2023-09-14 13:12:06,$,$,435.0,0.0,3.0,8.0,8.0,32.7,17.3,77.1,7.0,middle,non ac,classroom,3.0,cloudy
2023-09-14 13:12:12,$,$,435.0,0.0,2.0,7.0,7.0,32.7,17.3,76.5,7.0,middle,non ac,classroom,3.0,cloudy
2023-09-14 13:12:18,$,$,434.0,0.0,2.0,7.0,7.0,32.7,17.3,72.5,7.0,middle,non ac,classroom,3.0,cloudy
2023-09-14 13:12:23,$,$,434.0,0.0,2.0,7.0,7.0,32.6,17.3,78.7,7.0,middle,non ac,classroom,3.0,cloudy
2023-09-14 13:12:29,$,$,433.0,0.0,2.0,7.0,7.0,32.7,17.3,75.9,7.0,middle,non ac,classroom,3.0,cloudy
2023-09-14 13:12:34,$,$,433.0,0.0,2.0,7.0,7.0,32.7,17.3,73.2,7.0,middle,non ac,classroom,3.0,cloudy
2023-09-14 13:12:40,$,$,433.0,0.0,2.0,6.0,7.0,32.7,17.3,79.4,7.0,middle,non ac,classroom,3.0,cloudy
2023-09-14 13:12:45,$,$,432.0,0.0,2.0,6.0,6.0,32.7,17.3,72.2,7.0,middle,non ac,classroom,3.0,cloudy
2023-09-14 13:12:51,$,$,432.0,0.0,2.0,6.0,6.0,32.7,17.3,78.3,7.0,middle,non ac,classroom,3.0,cloudy
2023-09-14 13:12:57,$,$,431.0,0.0,3.0,7.0,7.0,32.7,17.3,78.4,7.0,middle,non ac,classroom,3.0,cloudy
2023-09-14 13:13:02,$,$,431.0,0.0,2.0,7.0,7.0,32.7,17.3,70.9,7.0,middle,non ac,classroom,3.0,cloudy
2023-09-14 13:13:08,$,$,431.0,0.0,3.0,8.0,8.0,32.7,17.3,76.1,7.0,middle,non ac,classroom,3.0,cloudy
2023-09-14 13:13:13,$,$,431.0,0.0,5.0,8.0,10.0,32.6,17.3,73.1,7.0,middle,non ac,classroom,3.0,cloudy
2023-09-14 13:13:19,$,$,431.0,0.0,4.0,9.0,9.0,32.6,17.3,77.7,7.0,middle,non ac,classroom,3.0,cloudy
2023-09-14 13:13:24,$,$,430.0,0.0,6.0,10.0,11.0,32.7,17.3,72.1,7.0,middle,non ac,classroom,3.0,cloudy
2023-09-14 13:13:30,$,$,428.0,0.0,6.0,10.0,11.0,32.6,17.3,70.8,7.0,middle,non ac,classroom,3.0,cloudy
2023-09-14 13:13:36,$,$,428.0,0.0,5.0,9.0,10.0,32.6,17.3,73.3,7.0,middle,non ac,classroom,3.0,cloudy
2023-09-14 13:13:41,$,$,427.0,0.0,7.0,10.0,11.0,32.6,17.3,75.3,7.0,middle,non ac,classroom,3.0,cloudy
2023-09-14 13:13:47,$,$,426.0,0.0,6.0,8.0,11.0,32.7,17.3,73.4,7.0,middle,non ac,classroom,3.0,cloudy
2023-09-14 13:13:52,$,$,425.0,0.0,6.0,8.0,11.0,32.6,17.3,73.9,7.0,middle,non ac,classroom,3.0,cloudy
2023-09-14 13:13:58,$,$,423.0,0.0,5.0,7.0,10.0,32.6,17.3,72.5,7.0,middle,non ac,classroom,3.0,cloudy
2023-09-14 13:14:04,$,$,422.0,0.0,6.0,8.0,11.0,32.6,17.3,72.0,7.0,middle,non ac,classroom,3.0,cloudy
2023-09-14 13:14:09,$,$,421.0,0.0,4.0,7.0,10.0,32.7,17.3,72.5,7.0,middle,non ac,classroom,3.0,cloudy
2023-09-14 13:14:15,$,$,421.0,0.0,5.0,7.0,11.0,32.6,17.2,73.8,7.0,middle,non ac,classroom,3.0,cloudy
2023-09-14 13:14:20,$,$,421.0,0.0,5.0,8.0,11.0,32.6,17.3,73.5,7.0,middle,non ac,classroom,3.0,cloudy
2023-09-14 13:14:26,$,$,421.0,0.0,5.0,8.0,11.0,32.6,17.3,72.4,7.0,middle,non ac,classroom,3.0,cloudy
2023-09-14 13:14:31,$,$,420.0,0.0,5.0,8.0,11.0,32.6,17.3,73.5,7.0,middle,non ac,classroom,3.0,cloudy
2023-09-14 13:14:37,$,$,419.0,0.0,4.0,7.0,10.0,32.6,17.3,72.9,7.0,middle,non ac,classroom,3.0,cloudy
2023-09-14 13:14:43,$,$,419.0,0.0,5.0,8.0,11.0,32.6,17.3,71.9,7.0,middle,non ac,classroom,3.0,cloudy
2023-09-14 13:14:48,$,$,418.0,0.0,5.0,10.0,11.0,32.6,17.3,75.9,7.0,middle,non ac,classroom,3.0,cloudy
2023-09-14 13:14:54,$,$,417.0,0.0,4.0,9.0,10.0,32.6,17.3,81.2,7.0,middle,non ac,classroom,3.0,cloudy
2023-09-14 13:14:59,$,$,417.0,0.0,5.0,8.0,11.0,32.6,17.2,74.3,7.0,middle,non ac,classroom,3.0,cloudy
2023-09-14 13:15:05,$,$,416.0,0.0,5.0,8.0,11.0,32.6,17.2,76.3,7.0,middle,non ac,classroom,3.0,cloudy
2023-09-14 13:15:10,$,$,416.0,0.0,3.0,8.0,10.0,32.6,17.3,76.1,7.0,middle,non ac,classroom,3.0,cloudy
2023-09-14 13:15:16,$,$,416.0,0.0,2.0,7.0,9.0,32.6,17.2,73.3,7.0,middle,non ac,classroom,3.0,cloudy
2023-09-14 13:15:22,$,$,416.0,0.0,2.0,7.0,10.0,32.6,17.2,69.6,6.0,middle,non ac,classroom,3.0,cloudy
2023-09-14 13:15:27,$,$,416.0,0.0,2.0,7.0,8.0,32.6,17.3,79.4,6.0,middle,non ac,classroom,3.0,cloudy
2023-09-14 13:15:33,$,$,415.0,0.0,2.0,6.0,8.0,32.6,17.2,75.0,6.0,middle,non ac,classroom,3.0,cloudy
2023-09-14 13:15:38,$,$,415.0,0.0,2.0,6.0,7.0,32.6,17.3,74.6,4.0,middle,non ac,classroom,3.0,cloudy
2023-09-14 13:15:44,$,$,414.0,0.0,1.0,4.0,5.0,32.6,17.2,80.9,4.0,middle,non ac,classroom,3.0,cloudy
2023-09-14 13:15:49,$,$,415.0,0.0,3.0,5.0,6.0,32.6,17.2,74.2,4.0,middle,non ac,classroom,3.0,cloudy
2023-09-14 13:15:55,$,$,415.0,0.0,2.0,4.0,5.0,32.6,17.2,73.7,4.0,middle,non ac,classroom,3.0,cloudy
2023-09-14 13:16:01,$,$,414.0,0.0,3.0,5.0,6.0,32.6,17.2,80.1,4.0,middle,non ac,classroom,3.0,cloudy
2023-09-14 13:16:06,$,$,414.0,0.0,2.0,4.0,5.0,32.6,17.3,76.5,4.0,middle,non ac,classroom,3.0,cloudy
2023-09-14 13:16:12,$,$,414.0,0.0,3.0,6.0,7.0,32.6,17.2,81.2,4.0,middle,non ac,classroom,3.0,cloudy
2023-09-14 13:16:17,$,$,413.0,0.0,2.0,5.0,6.0,32.6,17.2,79.9,4.0,middle,non ac,classroom,3.0,cloudy
2023-09-14 13:16:23,$,$,413.0,0.0,2.0,6.0,7.0,32.6,17.2,78.7,4.0,middle,non ac,classroom,3.0,cloudy
2023-09-14 13:16:29,$,$,413.0,0.0,3.0,7.0,8.0,32.6,17.2,74.6,4.0,middle,non ac,classroom,3.0,cloudy
2023-09-14 13:16:34,$,$,412.0,0.0,3.0,7.0,8.0,32.6,17.2,79.9,4.0,middle,non ac,classroom,3.0,cloudy
2023-09-14 13:16:40,$,$,412.0,0.0,2.0,6.0,7.0,32.6,17.2,70.5,4.0,middle,non ac,classroom,3.0,cloudy
2023-09-14 13:16:45,$,$,411.0,0.0,5.0,7.0,8.0,32.6,17.3,78.4,4.0,middle,non ac,classroom,3.0,cloudy
2023-09-14 13:16:51,$,$,411.0,0.0,3.0,7.0,8.0,32.6,17.2,76.5,8.0,middle,non ac,classroom,3.0,cloudy
2023-09-14 13:16:56,$,$,411.0,0.0,3.0,7.0,8.0,32.6,17.2,87.7,8.0,middle,non ac,classroom,3.0,cloudy
2023-09-14 13:17:02,$,$,411.0,0.0,2.0,5.0,6.0,32.6,17.2,72.8,8.0,middle,non ac,classroom,3.0,cloudy
2023-09-14 13:17:08,$,$,411.0,0.0,3.0,6.0,7.0,32.6,17.2,73.0,8.0,middle,non ac,classroom,3.0,cloudy
2023-09-14 13:17:13,$,$,411.0,0.0,2.0,5.0,6.0,32.6,17.2,75.3,8.0,middle,non ac,classroom,3.0,cloudy
2023-09-14 13:17:19,$,$,410.0,0.0,3.0,6.0,7.0,32.6,17.2,80.9,8.0,middle,non ac,classroom,3.0,cloudy
2023-09-14 13:17:24,$,$,410.0,0.0,3.0,6.0,7.0,32.6,17.2,72.7,8.0,middle,non ac,classroom,3.0,cloudy
2023-09-14 13:17:30,$,$,411.0,0.0,2.0,5.0,7.0,32.6,17.2,78.4,8.0,middle,non ac,classroom,3.0,cloudy
2023-09-14 13:17:35,$,$,410.0,0.0,3.0,6.0,8.0,32.6,17.2,79.3,4.0,middle,non ac,classroom,3.0,cloudy
2023-09-14 13:17:41,$,$,410.0,0.0,2.0,5.0,7.0,32.6,17.3,76.9,4.0,middle,non ac,classroom,3.0,cloudy
2023-09-14 13:17:47,$,$,411.0,0.0,3.0,6.0,8.0,32.6,17.2,74.6,4.0,middle,non ac,classroom,3.0,cloudy
2023-09-14 13:17:52,$,$,412.0,0.0,5.0,7.0,8.0,32.6,17.2,72.3,4.0,middle,non ac,classroom,3.0,cloudy
2023-09-14 13:17:58,$,$,412.0,0.0,4.0,6.0,9.0,32.6,17.2,71.2,4.0,middle,non ac,classroom,3.0,cloudy
2023-09-14 13:18:03,$,$,412.0,0.0,4.0,6.0,9.0,32.6,17.2,78.7,4.0,middle,non ac,classroom,3.0,cloudy
2023-09-14 13:18:09,$,$,412.0,0.0,5.0,7.0,11.0,32.6,17.2,79.6,4.0,middle,non ac,classroom,3.0,cloudy
2023-09-14 13:18:15,$,$,412.0,0.0,3.0,7.0,11.0,32.6,17.2,74.0,4.0,middle,non ac,classroom,3.0,cloudy
2023-09-14 13:18:20,$,$,412.0,0.0,2.0,6.0,10.0,32.6,17.2,79.5,4.0,middle,non ac,classroom,3.0,cloudy
2023-09-14 13:18:26,$,$,413.0,0.0,3.0,7.0,10.0,32.6,17.2,73.8,3.0,middle,non ac,classroom,3.0,cloudy
2023-09-14 13:18:31,$,$,413.0,0.0,2.0,6.0,9.0,32.6,17.3,76.9,3.0,middle,non ac,classroom,3.0,cloudy
2023-09-14 13:18:37,$,$,413.0,0.0,1.0,6.0,7.0,32.6,17.3,79.3,4.0,middle,non ac,classroom,3.0,cloudy
2023-09-14 13:18:42,$,$,413.0,0.0,2.0,7.0,8.0,32.6,17.2,71.7,4.0,middle,non ac,classroom,3.0,cloudy
2023-09-14 13:18:48,$,$,413.0,0.0,1.0,5.0,7.0,32.6,17.3,73.2,4.0,middle,non ac,classroom,3.0,cloudy
2023-09-14 13:18:54,$,$,414.0,0.0,2.0,6.0,8.0,32.6,17.3,73.6,4.0,middle,non ac,classroom,3.0,cloudy
2023-09-14 13:18:59,$,$,414.0,0.0,1.0,5.0,9.0,32.6,17.2,80.5,4.0,middle,non ac,classroom,3.0,cloudy
2023-09-14 13:19:05,$,$,414.0,0.0,1.0,5.0,10.0,32.6,17.2,76.5,4.0,middle,non ac,classroom,3.0,cloudy
2023-09-14 13:19:10,$,$,413.0,0.0,3.0,7.0,11.0,32.6,17.3,75.5,4.0,middle,non ac,classroom,3.0,cloudy
2023-09-14 13:19:16,$,$,413.0,0.0,3.0,7.0,11.0,32.6,17.2,78.4,4.0,middle,non ac,classroom,3.0,cloudy
2023-09-14 13:19:21,$,$,413.0,0.0,3.0,8.0,11.0,32.6,17.3,75.0,4.0,middle,non ac,classroom,3.0,cloudy
2023-09-14 13:19:27,$,$,414.0,0.0,3.0,8.0,11.0,32.6,17.3,76.9,4.0,middle,non ac,classroom,3.0,cloudy
2023-09-14 13:19:33,$,$,414.0,0.0,2.0,9.0,10.0,32.7,17.3,73.3,4.0,middle,non ac,classroom,3.0,cloudy
2023-09-14 13:19:38,$,$,413.0,0.0,3.0,10.0,11.0,32.6,17.3,73.1,4.0,middle,non ac,classroom,3.0,cloudy
2023-09-14 13:19:44,$,$,413.0,0.0,2.0,9.0,10.0,32.6,17.2,72.2,4.0,middle,non ac,classroom,3.0,cloudy
2023-09-14 13:19:49,$,$,413.0,0.0,2.0,7.0,10.0,32.6,17.3,73.8,4.0,middle,non ac,classroom,3.0,cloudy
2023-09-14 13:19:55,$,$,413.0,0.0,2.0,6.0,9.0,32.6,17.2,72.1,4.0,middle,non ac,classroom,3.0,cloudy
2023-09-14 13:20:00,$,$,413.0,0.0,3.0,6.0,10.0,32.6,17.3,72.6,4.0,middle,non ac,classroom,3.0,cloudy
2023-09-14 13:20:06,$,$,413.0,0.0,2.0,5.0,7.0,32.6,17.3,74.6,4.0,middle,non ac,classroom,3.0,cloudy
2023-09-14 13:20:12,$,$,412.0,0.0,3.0,6.0,8.0,32.6,17.3,80.6,4.0,middle,non ac,classroom,3.0,cloudy
2023-09-14 13:20:17,$,$,411.0,0.0,2.0,5.0,7.0,32.6,17.2,75.8,4.0,middle,non ac,classroom,3.0,cloudy
2023-09-14 13:20:23,$,$,411.0,0.0,2.0,6.0,7.0,32.6,17.3,80.8,4.0,middle,non ac,classroom,3.0,cloudy
2023-09-14 13:20:28,$,$,412.0,0.0,3.0,7.0,10.0,32.6,17.3,72.9,4.0,middle,non ac,classroom,3.0,cloudy
2023-09-14 13:20:34,$,$,411.0,0.0,3.0,7.0,10.0,32.6,17.3,69.2,4.0,middle,non ac,classroom,3.0,cloudy
2023-09-14 13:20:40,$,$,411.0,0.0,2.0,6.0,7.0,32.6,17.3,70.2,3.0,middle,non ac,classroom,3.0,cloudy
2023-09-14 13:20:45,$,$,411.0,0.0,3.0,7.0,8.0,32.7,17.3,78.5,3.0,middle,non ac,classroom,3.0,cloudy
2023-09-14 13:20:51,$,$,411.0,0.0,3.0,7.0,8.0,32.6,17.2,72.7,3.0,middle,non ac,classroom,3.0,cloudy
2023-09-14 13:20:56,$,$,411.0,0.0,2.0,6.0,7.0,32.6,17.3,73.5,3.0,middle,non ac,classroom,3.0,cloudy
2023-09-14 13:21:02,$,$,412.0,0.0,3.0,7.0,8.0,32.7,17.3,73.4,3.0,middle,non ac,classroom,3.0,cloudy
2023-09-14 13:21:07,$,$,411.0,0.0,3.0,7.0,8.0,32.6,17.3,78.2,3.0,middle,non ac,classroom,3.0,cloudy
2023-09-14 13:21:13,$,$,411.0,0.0,3.0,7.0,8.0,32.6,17.2,76.0,3.0,middle,non ac,classroom,3.0,cloudy
2023-09-14 13:21:19,$,$,411.0,0.0,3.0,7.0,8.0,32.6,17.3,73.6,3.0,middle,non ac,classroom,3.0,cloudy
2023-09-14 13:21:24,$,$,411.0,0.0,2.0,5.0,7.0,32.6,17.3,75.5,3.0,middle,non ac,classroom,3.0,cloudy
2023-09-14 13:21:30,$,$,412.0,0.0,3.0,6.0,8.0,32.6,17.3,78.3,3.0,middle,non ac,classroom,3.0,cloudy
2023-09-14 13:21:35,$,$,413.0,0.0,2.0,6.0,8.0,32.6,17.3,77.7,3.0,middle,non ac,classroom,3.0,cloudy
2023-09-14 13:21:41,$,$,414.0,0.0,2.0,6.0,8.0,32.6,17.3,69.6,3.0,middle,non ac,classroom,3.0,cloudy
2023-09-14 13:21:46,$,$,414.0,0.0,1.0,5.0,7.0,32.6,17.2,73.7,3.0,middle,non ac,classroom,3.0,cloudy
2023-09-14 13:21:52,$,$,414.0,0.0,2.0,6.0,8.0,32.6,17.3,68.2,3.0,middle,non ac,classroom,3.0,cloudy
2023-09-14 13:21:58,$,$,415.0,0.0,1.0,5.0,7.0,32.7,17.3,73.2,3.0,middle,non ac,classroom,3.0,cloudy
2023-09-14 13:22:03,$,$,416.0,0.0,2.0,7.0,8.0,32.6,17.2,75.3,3.0,middle,non ac,classroom,3.0,cloudy
2023-09-14 13:22:09,$,$,416.0,0.0,3.0,7.0,8.0,32.6,17.2,72.1,3.0,middle,non ac,classroom,3.0,cloudy
2023-09-14 13:22:14,$,$,416.0,0.0,2.0,6.0,7.0,32.6,17.2,86.5,3.0,middle,non ac,classroom,3.0,cloudy
2023-09-14 13:22:20,$,$,416.0,0.0,2.0,6.0,7.0,32.6,17.3,79.6,3.0,middle,non ac,classroom,3.0,cloudy
2023-09-14 13:22:25,$,$,416.0,0.0,3.0,7.0,8.0,32.6,17.2,78.8,3.0,middle,non ac,classroom,3.0,cloudy
2023-09-14 13:22:31,$,$,416.0,0.0,2.0,6.0,7.0,32.6,17.3,80.2,7.0,middle,non ac,classroom,3.0,cloudy
2023-09-14 13:22:37,$,$,416.0,0.0,3.0,7.0,7.0,32.6,17.2,71.7,7.0,middle,non ac,classroom,3.0,cloudy
2023-09-14 13:22:42,$,$,416.0,0.0,3.0,7.0,7.0,32.6,17.3,72.0,7.0,middle,non ac,classroom,3.0,cloudy
2023-09-14 13:22:48,$,$,416.0,0.0,2.0,6.0,6.0,32.6,17.3,73.2,7.0,middle,non ac,classroom,3.0,cloudy
2023-09-14 13:22:53,$,$,416.0,0.0,3.0,7.0,7.0,32.6,17.2,79.9,7.0,middle,non ac,classroom,3.0,cloudy
2023-09-14 13:22:59,$,$,416.0,0.0,3.0,7.0,7.0,32.6,17.2,73.4,7.0,middle,non ac,classroom,3.0,cloudy
2023-09-14 13:23:05,$,$,416.0,0.0,3.0,7.0,7.0,32.6,17.2,73.9,7.0,middle,non ac,classroom,3.0,cloudy
2023-09-14 13:23:10,$,$,417.0,0.0,3.0,8.0,8.0,32.6,17.2,77.1,7.0,middle,non ac,classroom,3.0,cloudy
2023-09-14 13:23:16,$,$,417.0,0.0,5.0,8.0,8.0,32.6,17.2,73.8,7.0,middle,non ac,classroom,3.0,cloudy
2023-09-14 13:23:21,$,$,417.0,0.0,5.0,8.0,10.0,32.6,17.2,73.1,7.0,middle,non ac,classroom,3.0,cloudy
2023-09-14 13:23:27,$,$,418.0,0.0,5.0,8.0,11.0,32.6,17.2,80.2,7.0,middle,non ac,classroom,3.0,cloudy
2023-09-14 13:23:32,$,$,418.0,0.0,5.0,8.0,11.0,32.6,17.2,74.5,6.0,middle,non ac,classroom,3.0,cloudy
2023-09-14 13:23:38,$,$,419.0,0.0,5.0,8.0,11.0,32.6,17.2,75.5,6.0,middle,non ac,classroom,3.0,cloudy
2023-09-14 13:23:44,$,$,419.0,0.0,4.0,7.0,10.0,32.6,17.2,76.7,6.0,middle,non ac,classroom,3.0,cloudy
2023-09-14 13:23:49,$,$,419.0,0.0,4.0,9.0,10.0,32.6,17.3,72.8,6.0,middle,non ac,classroom,3.0,cloudy
2023-09-14 13:23:55,$,$,419.0,0.0,5.0,10.0,11.0,32.6,17.2,79.6,6.0,middle,non ac,classroom,3.0,cloudy
2023-09-14 13:24:00,$,$,420.0,0.0,4.0,9.0,10.0,32.6,17.2,75.9,6.0,middle,non ac,classroom,3.0,cloudy
2023-09-14 13:24:06,$,$,420.0,0.0,4.0,7.0,9.0,32.6,17.2,73.6,6.0,middle,non ac,classroom,3.0,cloudy
2023-09-14 13:24:11,$,$,421.0,0.0,4.0,7.0,9.0,32.6,17.2,78.5,6.0,middle,non ac,classroom,3.0,cloudy
2023-09-14 13:24:17,$,$,421.0,0.0,4.0,7.0,9.0,32.6,17.2,73.3,6.0,middle,non ac,classroom,3.0,cloudy
2023-09-14 13:24:23,$,$,421.0,0.0,5.0,8.0,8.0,32.6,17.2,71.8,6.0,middle,non ac,classroom,3.0,cloudy
2023-09-14 13:24:28,$,$,422.0,0.0,2.0,7.0,7.0,32.6,17.2,70.0,6.0,middle,non ac,classroom,3.0,cloudy
2023-09-14 13:24:34,$,$,423.0,0.0,3.0,7.0,8.0,32.6,17.2,77.3,7.0,middle,non ac,classroom,3.0,cloudy
2023-09-14 13:24:39,$,$,424.0,0.0,3.0,7.0,7.0,32.6,17.2,74.6,7.0,middle,non ac,classroom,3.0,cloudy
2023-09-14 13:24:45,$,$,425.0,0.0,2.0,7.0,7.0,32.6,17.2,75.3,7.0,middle,non ac,classroom,3.0,cloudy
2023-09-14 13:24:50,$,$,427.0,0.0,2.0,7.0,7.0,32.6,17.2,74.0,7.0,middle,non ac,classroom,3.0,cloudy
2023-09-14 13:24:56,$,$,427.0,0.0,2.0,7.0,7.0,32.6,17.2,73.8,7.0,middle,non ac,classroom,3.0,cloudy
2023-09-14 13:25:02,$,$,428.0,0.0,1.0,6.0,6.0,32.6,17.2,73.8,7.0,middle,non ac,classroom,3.0,cloudy
2023-09-14 13:25:07,$,$,429.0,0.0,2.0,7.0,8.0,32.6,17.2,74.4,7.0,middle,non ac,classroom,3.0,cloudy
2023-09-14 13:25:13,$,$,431.0,0.0,1.0,6.0,7.0,32.6,17.2,72.9,7.0,middle,non ac,classroom,3.0,cloudy
2023-09-14 13:25:18,$,$,431.0,0.0,2.0,7.0,8.0,32.6,17.2,81.3,7.0,middle,non ac,classroom,3.0,cloudy
2023-09-14 13:25:24,$,$,431.0,0.0,2.0,6.0,8.0,32.6,17.2,77.4,7.0,middle,non ac,classroom,3.0,cloudy
2023-09-14 13:25:30,$,$,431.0,0.0,1.0,5.0,7.0,32.6,17.2,81.5,7.0,middle,non ac,classroom,3.0,cloudy
2023-09-14 13:25:35,$,$,431.0,0.0,1.0,5.0,7.0,32.6,17.2,79.0,8.0,middle,non ac,classroom,3.0,cloudy
2023-09-14 13:25:41,$,$,431.0,0.0,2.0,7.0,8.0,32.6,17.2,72.8,8.0,middle,non ac,classroom,3.0,cloudy
2023-09-14 13:25:46,$,$,431.0,0.0,1.0,6.0,7.0,32.5,17.2,70.6,8.0,middle,non ac,classroom,3.0,cloudy
2023-09-14 13:25:52,$,$,431.0,0.0,1.0,7.0,7.0,32.6,17.2,79.1,8.0,middle,non ac,classroom,3.0,cloudy
2023-09-14 13:25:57,$,$,431.0,0.0,2.0,8.0,10.0,32.6,17.2,71.3,8.0,middle,non ac,classroom,3.0,cloudy
2023-09-14 13:26:03,$,$,432.0,0.0,2.0,8.0,10.0,32.6,17.3,73.5,8.0,middle,non ac,classroom,3.0,cloudy
2023-09-14 13:26:09,$,$,433.0,0.0,2.0,8.0,10.0,32.6,17.2,72.6,8.0,middle,non ac,classroom,3.0,cloudy
2023-09-14 13:26:14,$,$,433.0,0.0,1.0,7.0,9.0,32.6,17.2,72.3,8.0,middle,non ac,classroom,3.0,cloudy
2023-09-14 13:26:20,$,$,433.0,0.0,3.0,8.0,10.0,32.6,17.2,79.7,7.0,middle,non ac,classroom,3.0,cloudy
2023-09-14 13:26:25,$,$,433.0,0.0,2.0,7.0,9.0,32.6,17.2,77.1,7.0,middle,non ac,classroom,3.0,cloudy
2023-09-14 13:26:31,$,$,434.0,0.0,2.0,7.0,9.0,32.6,17.2,73.6,7.0,middle,non ac,classroom,3.0,cloudy
2023-09-14 13:26:36,$,$,435.0,0.0,3.0,8.0,10.0,32.6,17.2,79.8,7.0,middle,non ac,classroom,3.0,cloudy
2023-09-14 13:26:42,$,$,435.0,0.0,3.0,8.0,10.0,32.6,17.2,78.7,7.0,middle,non ac,classroom,3.0,cloudy
2023-09-14 13:26:48,$,$,436.0,0.0,3.0,8.0,8.0,32.6,17.2,79.7,7.0,middle,non ac,classroom,3.0,cloudy
2023-09-14 13:26:53,$,$,436.0,0.0,3.0,7.0,7.0,32.6,17.2,73.4,7.0,middle,non ac,classroom,3.0,cloudy
2023-09-14 13:26:59,$,$,437.0,0.0,3.0,7.0,7.0,32.6,17.2,72.8,7.0,middle,non ac,classroom,3.0,cloudy
2023-09-14 13:27:04,$,$,438.0,0.0,3.0,7.0,7.0,32.6,17.2,74.3,7.0,middle,non ac,classroom,3.0,cloudy
2023-09-14 13:27:10,$,$,439.0,0.0,2.0,6.0,6.0,32.6,17.2,76.4,7.0,middle,non ac,classroom,3.0,cloudy
2023-09-14 13:27:15,$,$,439.0,0.0,3.0,7.0,7.0,32.6,17.3,72.2,7.0,middle,non ac,classroom,3.0,cloudy
2023-09-14 13:27:21,$,$,439.0,0.0,2.0,6.0,6.0,32.6,17.2,79.3,7.0,middle,non ac,classroom,3.0,cloudy
2023-09-14 13:27:27,$,$,439.0,0.0,2.0,6.0,6.0,32.6,17.3,73.2,7.0,middle,non ac,classroom,3.0,cloudy
2023-09-14 13:27:32,$,$,439.0,0.0,2.0,6.0,6.0,32.6,17.3,73.5,7.0,middle,non ac,classroom,3.0,cloudy
2023-09-14 13:27:38,$,$,440.0,0.0,2.0,6.0,7.0,32.6,17.3,76.8,7.0,middle,non ac,classroom,3.0,cloudy
2023-09-14 13:27:43,$,$,441.0,0.0,3.0,7.0,8.0,32.6,17.3,72.6,7.0,middle,non ac,classroom,3.0,cloudy
2023-09-14 13:27:49,$,$,440.0,0.0,3.0,8.0,10.0,32.6,17.3,73.4,7.0,middle,non ac,classroom,3.0,cloudy
2023-09-14 13:27:55,$,$,440.0,0.0,3.0,8.0,10.0,32.6,17.3,73.5,7.0,middle,non ac,classroom,3.0,cloudy
2023-09-14 13:28:00,$,$,440.0,0.0,3.0,8.0,10.0,32.6,17.3,74.3,7.0,middle,non ac,classroom,3.0,cloudy
2023-09-14 13:28:06,$,$,440.0,0.0,2.0,7.0,7.0,32.7,17.3,77.2,7.0,middle,non ac,classroom,3.0,cloudy
2023-09-14 13:28:11,$,$,440.0,0.0,2.0,7.0,7.0,32.6,17.3,79.2,7.0,middle,non ac,classroom,3.0,cloudy
2023-09-14 13:28:17,$,$,440.0,0.0,3.0,8.0,8.0,32.6,17.3,79.1,7.0,middle,non ac,classroom,3.0,cloudy
2023-09-14 13:28:22,$,$,439.0,0.0,3.0,8.0,8.0,32.7,17.3,69.2,7.0,middle,non ac,classroom,3.0,cloudy
2023-09-14 13:28:28,$,$,439.0,0.0,3.0,8.0,8.0,32.6,17.2,72.7,7.0,middle,non ac,classroom,3.0,cloudy
2023-09-14 13:28:34,$,$,439.0,0.0,5.0,10.0,10.0,32.6,17.3,72.8,7.0,middle,non ac,classroom,3.0,cloudy
2023-09-14 13:28:39,$,$,439.0,0.0,4.0,9.0,9.0,32.7,17.3,72.0,7.0,middle,non ac,classroom,3.0,cloudy
2023-09-14 13:28:45,$,$,439.0,0.0,5.0,11.0,11.0,32.6,17.2,82.9,7.0,middle,non ac,classroom,3.0,cloudy
2023-09-14 13:28:50,$,$,439.0,0.0,3.0,10.0,10.0,32.6,17.3,72.8,7.0,middle,non ac,classroom,3.0,cloudy
2023-09-14 13:28:56,$,$,438.0,0.0,3.0,10.0,10.0,32.6,17.3,72.4,7.0,middle,non ac,classroom,3.0,cloudy
2023-09-14 13:29:01,$,$,438.0,0.0,2.0,9.0,9.0,32.7,17.3,78.5,7.0,middle,non ac,classroom,3.0,cloudy
2023-09-14 13:29:07,$,$,438.0,0.0,3.0,8.0,10.0,32.7,17.3,71.8,7.0,middle,non ac,classroom,3.0,cloudy
2023-09-14 13:29:13,$,$,438.0,0.0,3.0,8.0,10.0,32.6,17.3,74.3,7.0,middle,non ac,classroom,3.0,cloudy
2023-09-14 13:29:18,$,$,439.0,0.0,3.0,8.0,10.0,32.7,17.3,73.7,7.0,middle,non ac,classroom,3.0,cloudy
2023-09-14 13:29:24,$,$,439.0,0.0,3.0,8.0,10.0,32.7,17.3,78.7,7.0,middle,non ac,classroom,3.0,cloudy
2023-09-14 13:29:29,$,$,439.0,0.0,3.0,8.0,10.0,32.6,17.3,73.2,7.0,middle,non ac,classroom,3.0,cloudy
2023-09-14 13:29:35,$,$,438.0,0.0,3.0,8.0,10.0,32.7,17.3,72.8,7.0,middle,non ac,classroom,3.0,cloudy
2023-09-14 13:29:41,$,$,438.0,0.0,3.0,8.0,10.0,32.7,17.3,79.2,7.0,middle,non ac,classroom,3.0,cloudy
2023-09-14 13:29:46,$,$,438.0,0.0,3.0,8.0,8.0,32.7,17.3,72.7,9.0,middle,non ac,classroom,3.0,cloudy
2023-09-14 13:29:52,$,$,439.0,0.0,2.0,7.0,7.0,32.7,17.3,72.7,9.0,middle,non ac,classroom,3.0,cloudy
2023-09-14 13:29:57,$,$,439.0,0.0,2.0,7.0,9.0,32.7,17.3,77.9,9.0,middle,non ac,classroom,3.0,cloudy
2023-09-14 13:30:03,$,$,439.0,0.0,3.0,7.0,10.0,32.7,17.3,79.0,7.0,middle,non ac,classroom,3.0,cloudy
2023-09-14 13:30:08,$,$,440.0,0.0,2.0,6.0,7.0,32.7,17.3,73.0,7.0,middle,non ac,classroom,3.0,cloudy
2023-09-14 13:30:14,$,$,440.0,0.0,1.0,6.0,7.0,32.7,17.3,79.6,7.0,middle,non ac,classroom,3.0,cloudy
