Timestamp,CO (ppm),NO2 (ppm),CO2 (ppm),TVOC (ppb),PM1 (ug/m3),PM2.5 (ug/m3),PM10 (ug/m3),Temperature (C),Humidity (%),Sound (dB),Occupancy,Position,Room Condition,Room Type,Floor No.,Weather,Occupancy_Classified
2023-09-21 12:28:41,29.1,0.2,1748.0,109.0,33.0,50.0,51.0,25.1,13.5,68.3,12.0,middle,ac,lab,2.0,overcast,Occ_Class_2
2023-09-21 12:28:47,29.1,0.2,1746.0,104.0,32.0,49.0,50.0,25.1,13.6,68.5,12.0,middle,ac,lab,2.0,overcast,Occ_Class_2
2023-09-21 12:28:52,29.1,0.2,1746.0,98.0,32.0,49.0,50.0,25.1,13.5,78.5,12.0,middle,ac,lab,2.0,overcast,Occ_Class_2
2023-09-21 12:28:58,28.8,0.2,1746.0,97.0,33.0,50.0,51.0,25.1,13.5,72.1,12.0,middle,ac,lab,2.0,overcast,Occ_Class_2
2023-09-21 12:29:03,28.9,0.2,1745.0,94.0,33.0,49.0,51.0,25.1,13.5,82.5,11.0,middle,ac,lab,2.0,overcast,Occ_Class_2
2023-09-21 12:29:09,29.1,0.2,1743.0,90.0,33.0,49.0,51.0,25.1,13.5,78.1,11.0,middle,ac,lab,2.0,overcast,Occ_Class_2
2023-09-21 12:29:15,29.1,0.2,1742.0,92.0,32.0,48.0,50.0,25.1,13.5,69.6,11.0,middle,ac,lab,2.0,overcast,Occ_Class_2
2023-09-21 12:29:20,28.9,0.2,1740.0,91.0,33.0,49.0,51.0,25.1,13.5,73.6,11.0,middle,ac,lab,2.0,overcast,Occ_Class_2
2023-09-21 12:29:26,28.9,0.2,1740.0,80.0,32.0,48.0,50.0,25.1,13.5,76.3,11.0,middle,ac,lab,2.0,overcast,Occ_Class_2
2023-09-21 12:29:31,28.9,0.2,1739.0,77.0,32.0,48.0,50.0,25.1,13.5,75.8,11.0,middle,ac,lab,2.0,overcast,Occ_Class_2
2023-09-21 12:29:37,29.3,0.2,1738.0,77.0,32.0,48.0,50.0,25.1,13.5,68.8,11.0,middle,ac,lab,2.0,overcast,Occ_Class_2
2023-09-21 12:29:42,29.3,0.2,1737.0,68.0,31.0,49.0,50.0,25.1,13.5,75.8,11.0,middle,ac,lab,2.0,overcast,Occ_Class_2
2023-09-21 12:29:48,28.3,0.2,1736.0,63.0,31.0,49.0,50.0,25.1,13.5,70.0,11.0,middle,ac,lab,2.0,overcast,Occ_Class_2
2023-09-21 12:29:54,28.8,0.2,1736.0,71.0,31.0,49.0,50.0,25.0,13.5,76.7,11.0,middle,ac,lab,2.0,overcast,Occ_Class_2
2023-09-21 12:29:59,29.1,0.2,1736.0,66.0,31.0,49.0,50.0,25.0,13.5,77.0,11.0,middle,ac,lab,2.0,overcast,Occ_Class_2
2023-09-21 12:30:05,29.1,0.2,1736.0,60.0,31.0,49.0,50.0,25.0,13.5,71.8,11.0,middle,ac,lab,2.0,overcast,Occ_Class_2
2023-09-21 12:30:10,28.9,0.2,1735.0,55.0,32.0,49.0,50.0,25.0,13.5,71.2,11.0,middle,ac,lab,2.0,overcast,Occ_Class_2
2023-09-21 12:30:16,29.1,0.2,1735.0,58.0,32.0,49.0,50.0,25.0,13.5,68.0,12.0,middle,ac,lab,2.0,overcast,Occ_Class_2
2023-09-21 12:30:22,29.1,0.2,1735.0,58.0,32.0,49.0,51.0,25.0,13.5,70.6,12.0,middle,ac,lab,2.0,overcast,Occ_Class_2
2023-09-21 12:30:27,28.6,0.2,1736.0,58.0,32.0,49.0,51.0,25.0,13.5,74.3,12.0,middle,ac,lab,2.0,overcast,Occ_Class_2
2023-09-21 12:30:33,27.6,0.2,1737.0,54.0,33.0,48.0,51.0,25.0,13.5,68.9,12.0,middle,ac,lab,2.0,overcast,Occ_Class_2
2023-09-21 12:30:38,24.0,0.2,1738.0,58.0,34.0,49.0,51.0,25.0,13.5,68.9,12.0,middle,ac,lab,2.0,overcast,Occ_Class_2
2023-09-21 12:30:44,29.1,0.2,1739.0,66.0,34.0,48.0,51.0,25.1,13.5,73.0,12.0,middle,ac,lab,2.0,overcast,Occ_Class_2
2023-09-21 12:30:50,28.8,0.2,1741.0,48.0,34.0,48.0,51.0,25.1,13.5,69.2,12.0,middle,ac,lab,2.0,overcast,Occ_Class_2
2023-09-21 12:30:55,22.0,0.3,1742.0,52.0,34.0,48.0,51.0,25.1,13.5,69.0,12.0,middle,ac,lab,2.0,overcast,Occ_Class_2
2023-09-21 12:31:01,24.2,0.2,1743.0,47.0,34.0,47.0,51.0,25.0,13.5,77.9,12.0,middle,ac,lab,2.0,overcast,Occ_Class_2
2023-09-21 12:31:06,24.0,0.2,1742.0,52.0,34.0,47.0,50.0,25.0,13.5,71.4,12.0,middle,ac,lab,2.0,overcast,Occ_Class_2
2023-09-21 12:31:12,29.1,0.2,1744.0,53.0,34.0,48.0,50.0,25.1,13.5,82.7,12.0,middle,ac,lab,2.0,overcast,Occ_Class_2
2023-09-21 12:31:17,28.8,0.2,1745.0,52.0,35.0,48.0,50.0,25.1,13.5,76.3,12.0,middle,ac,lab,2.0,overcast,Occ_Class_2
2023-09-21 12:31:23,22.0,0.3,1748.0,60.0,33.0,47.0,49.0,25.0,13.5,75.0,12.0,middle,ac,lab,2.0,overcast,Occ_Class_2
2023-09-21 12:31:29,24.2,0.2,1750.0,51.0,34.0,48.0,50.0,25.1,13.5,72.1,12.0,middle,ac,lab,2.0,overcast,Occ_Class_2
2023-09-21 12:31:34,28.9,0.2,1751.0,59.0,34.0,48.0,50.0,25.1,13.5,71.7,12.0,middle,ac,lab,2.0,overcast,Occ_Class_2
2023-09-21 12:31:40,29.1,0.2,1753.0,66.0,33.0,47.0,49.0,25.1,13.5,69.9,12.0,middle,ac,lab,2.0,overcast,Occ_Class_2
2023-09-21 12:31:45,28.9,0.2,1755.0,59.0,33.0,47.0,49.0,25.1,13.5,68.9,12.0,middle,ac,lab,2.0,overcast,Occ_Class_2
2023-09-21 12:31:51,21.8,0.3,1756.0,60.0,33.0,47.0,49.0,25.1,13.5,72.8,12.0,middle,ac,lab,2.0,overcast,Occ_Class_2
2023-09-21 12:31:57,24.0,0.2,1757.0,66.0,33.0,48.0,49.0,25.1,13.5,72.7,12.0,middle,ac,lab,2.0,overcast,Occ_Class_2
2023-09-21 12:32:02,28.9,0.2,1757.0,58.0,33.0,48.0,50.0,25.1,13.5,76.5,12.0,middle,ac,lab,2.0,overcast,Occ_Class_2
2023-09-21 12:32:08,29.1,0.2,1757.0,55.0,33.0,48.0,51.0,25.0,13.5,78.6,12.0,middle,ac,lab,2.0,overcast,Occ_Class_2
2023-09-21 12:32:13,22.1,0.3,1758.0,62.0,33.0,48.0,52.0,25.1,13.5,68.5,12.0,middle,ac,lab,2.0,overcast,Occ_Class_2
2023-09-21 12:32:19,22.1,0.3,1759.0,57.0,33.0,48.0,52.0,25.1,13.5,70.0,12.0,middle,ac,lab,2.0,overcast,Occ_Class_2
2023-09-21 12:32:24,24.0,0.2,1762.0,59.0,33.0,48.0,53.0,25.0,13.5,74.2,12.0,middle,ac,lab,2.0,overcast,Occ_Class_2
2023-09-21 12:32:30,29.1,0.2,1762.0,53.0,33.0,48.0,53.0,25.1,13.5,72.1,12.0,middle,ac,lab,2.0,overcast,Occ_Class_2
2023-09-21 12:32:36,29.1,0.2,1762.0,52.0,33.0,48.0,53.0,25.1,13.5,75.0,12.0,middle,ac,lab,2.0,overcast,Occ_Class_2
2023-09-21 12:32:41,21.7,0.3,1762.0,53.0,33.0,48.0,53.0,25.1,13.6,69.2,12.0,middle,ac,lab,2.0,overcast,Occ_Class_2
2023-09-21 12:32:47,21.8,0.3,1761.0,51.0,33.0,48.0,53.0,25.1,13.5,69.0,12.0,middle,ac,lab,2.0,overcast,Occ_Class_2
2023-09-21 12:32:52,28.9,0.3,1761.0,52.0,33.0,48.0,53.0,25.1,13.6,71.6,12.0,middle,ac,lab,2.0,overcast,Occ_Class_2
2023-09-21 12:32:58,29.3,0.2,1761.0,51.0,33.0,48.0,52.0,25.1,13.6,69.3,12.0,middle,ac,lab,2.0,overcast,Occ_Class_2
2023-09-21 12:33:04,29.1,0.2,1760.0,46.0,33.0,48.0,52.0,25.1,13.6,69.2,12.0,middle,ac,lab,2.0,overcast,Occ_Class_2
2023-09-21 12:33:09,21.3,0.3,1760.0,49.0,33.0,48.0,52.0,25.2,13.5,68.3,12.0,middle,ac,lab,2.0,overcast,Occ_Class_2
2023-09-21 12:33:15,21.3,0.3,1760.0,49.0,33.0,48.0,52.0,25.1,13.5,73.2,12.0,middle,ac,lab,2.0,overcast,Occ_Class_2
2023-09-21 12:33:20,28.9,0.2,1761.0,46.0,33.0,48.0,51.0,25.1,13.5,83.8,12.0,middle,ac,lab,2.0,overcast,Occ_Class_2
2023-09-21 12:33:26,27.8,0.2,1762.0,43.0,33.0,48.0,51.0,25.1,13.6,77.9,12.0,middle,ac,lab,2.0,overcast,Occ_Class_2
2023-09-21 12:33:32,28.3,0.2,1762.0,52.0,33.0,48.0,51.0,25.1,13.5,70.5,12.0,middle,ac,lab,2.0,overcast,Occ_Class_2
2023-09-21 12:33:37,20.2,0.3,1761.0,56.0,33.0,48.0,50.0,25.1,13.5,70.8,12.0,middle,ac,lab,2.0,overcast,Occ_Class_2
2023-09-21 12:33:43,19.9,0.3,1760.0,47.0,33.0,48.0,50.0,25.1,13.5,80.3,12.0,middle,ac,lab,2.0,overcast,Occ_Class_2
2023-09-21 12:33:48,29.1,0.2,1761.0,44.0,33.0,48.0,50.0,25.1,13.5,77.2,12.0,middle,ac,lab,2.0,overcast,Occ_Class_2
2023-09-21 12:33:54,28.9,0.2,1761.0,38.0,34.0,48.0,50.0,25.1,13.5,75.3,12.0,middle,ac,lab,2.0,overcast,Occ_Class_2
2023-09-21 12:33:59,19.8,0.3,1761.0,38.0,34.0,48.0,50.0,25.1,13.5,77.1,12.0,middle,ac,lab,2.0,overcast,Occ_Class_2
2023-09-21 12:34:05,16.9,0.3,1759.0,39.0,34.0,48.0,50.0,25.1,13.5,73.1,12.0,middle,ac,lab,2.0,overcast,Occ_Class_2
2023-09-21 12:34:11,19.0,0.3,1758.0,42.0,33.0,48.0,50.0,25.0,13.5,74.8,12.0,middle,ac,lab,2.0,overcast,Occ_Class_2
2023-09-21 12:34:16,29.1,0.2,1758.0,43.0,33.0,48.0,50.0,25.1,13.5,80.6,12.0,middle,ac,lab,2.0,overcast,Occ_Class_2
2023-09-21 12:34:22,29.1,0.2,1759.0,40.0,33.0,48.0,50.0,25.1,13.5,74.6,12.0,middle,ac,lab,2.0,overcast,Occ_Class_2
2023-09-21 12:34:27,28.8,0.2,1758.0,46.0,33.0,48.0,49.0,25.1,13.5,77.3,12.0,middle,ac,lab,2.0,overcast,Occ_Class_2
2023-09-21 12:34:33,27.4,0.2,1757.0,43.0,33.0,48.0,49.0,25.0,13.5,78.6,12.0,middle,ac,lab,2.0,overcast,Occ_Class_2
2023-09-21 12:34:39,28.9,0.2,1756.0,37.0,34.0,48.0,50.0,25.0,13.5,81.6,12.0,middle,ac,lab,2.0,overcast,Occ_Class_2
2023-09-21 12:34:44,29.1,0.2,1756.0,37.0,34.0,48.0,50.0,25.1,13.5,76.4,12.0,middle,ac,lab,2.0,overcast,Occ_Class_2
2023-09-21 12:34:50,28.9,0.2,1757.0,36.0,34.0,48.0,50.0,25.1,13.5,79.5,12.0,middle,ac,lab,2.0,overcast,Occ_Class_2
2023-09-21 12:34:55,28.9,0.2,1758.0,43.0,32.0,47.0,48.0,25.0,13.5,70.3,12.0,middle,ac,lab,2.0,overcast,Occ_Class_2
2023-09-21 12:35:01,27.0,0.2,1758.0,44.0,33.0,48.0,49.0,25.1,13.5,79.5,12.0,middle,ac,lab,2.0,overcast,Occ_Class_2
2023-09-21 12:35:07,29.1,0.2,1756.0,33.0,33.0,48.0,49.0,25.0,13.5,74.1,12.0,middle,ac,lab,2.0,overcast,Occ_Class_2
2023-09-21 12:35:12,27.0,0.2,1756.0,41.0,33.0,48.0,49.0,25.1,13.5,77.9,12.0,middle,ac,lab,2.0,overcast,Occ_Class_2
2023-09-21 12:35:18,29.3,0.2,1756.0,33.0,32.0,47.0,48.0,25.1,13.5,78.8,12.0,middle,ac,lab,2.0,overcast,Occ_Class_2
2023-09-21 12:35:23,29.1,0.2,1758.0,31.0,32.0,48.0,49.0,25.1,13.5,77.8,12.0,middle,ac,lab,2.0,overcast,Occ_Class_2
2023-09-21 12:35:29,27.3,0.2,1759.0,37.0,31.0,47.0,48.0,25.0,13.5,85.7,12.0,middle,ac,lab,2.0,overcast,Occ_Class_2
2023-09-21 12:35:34,29.1,0.2,1758.0,33.0,32.0,48.0,49.0,25.1,13.5,78.5,12.0,middle,ac,lab,2.0,overcast,Occ_Class_2
2023-09-21 12:35:40,29.1,0.2,1757.0,30.0,32.0,48.0,49.0,25.0,13.5,72.8,12.0,middle,ac,lab,2.0,overcast,Occ_Class_2
2023-09-21 12:35:46,29.3,0.2,1757.0,32.0,32.0,48.0,49.0,25.0,13.5,71.3,12.0,middle,ac,lab,2.0,overcast,Occ_Class_2
2023-09-21 12:35:51,29.3,0.2,1759.0,33.0,32.0,48.0,49.0,25.0,13.5,81.0,12.0,middle,ac,lab,2.0,overcast,Occ_Class_2
2023-09-21 12:35:57,29.3,0.2,1760.0,20.0,31.0,47.0,48.0,25.1,13.5,73.5,12.0,middle,ac,lab,2.0,overcast,Occ_Class_2
2023-09-21 12:36:02,29.1,0.2,1758.0,19.0,33.0,48.0,50.0,25.0,13.5,78.3,13.0,middle,ac,lab,2.0,overcast,Occ_Class_2
2023-09-21 12:36:08,28.9,0.2,1756.0,17.0,32.0,48.0,49.0,25.0,13.5,79.6,13.0,middle,ac,lab,2.0,overcast,Occ_Class_2
2023-09-21 12:36:14,29.3,0.2,1755.0,12.0,31.0,48.0,49.0,25.0,13.5,74.9,13.0,middle,ac,lab,2.0,overcast,Occ_Class_2
2023-09-21 12:36:19,28.9,0.2,1754.0,9.0,32.0,49.0,50.0,25.0,13.5,78.5,13.0,middle,ac,lab,2.0,overcast,Occ_Class_2
2023-09-21 12:36:25,29.1,0.2,1754.0,6.0,31.0,47.0,48.0,25.0,13.5,83.3,13.0,middle,ac,lab,2.0,overcast,Occ_Class_2
2023-09-21 12:36:30,29.1,0.2,1753.0,7.0,32.0,47.0,48.0,25.0,13.5,77.4,13.0,middle,ac,lab,2.0,overcast,Occ_Class_2
2023-09-21 12:36:36,29.1,0.2,1753.0,15.0,33.0,48.0,49.0,25.0,13.5,74.1,13.0,middle,ac,lab,2.0,overcast,Occ_Class_2
2023-09-21 12:36:41,29.1,0.2,1752.0,9.0,33.0,48.0,49.0,25.0,13.5,72.9,13.0,middle,ac,lab,2.0,overcast,Occ_Class_2
2023-09-21 12:36:47,29.3,0.2,1752.0,10.0,33.0,48.0,49.0,25.0,13.5,78.5,13.0,middle,ac,lab,2.0,overcast,Occ_Class_2
2023-09-21 12:36:53,29.1,0.2,1755.0,1.0,33.0,48.0,49.0,25.0,13.4,70.9,13.0,middle,ac,lab,2.0,overcast,Occ_Class_2
2023-09-21 12:36:58,29.3,0.2,1756.0,7.0,33.0,47.0,48.0,25.0,13.5,80.7,13.0,middle,ac,lab,2.0,overcast,Occ_Class_2
2023-09-21 12:37:04,29.1,0.2,1757.0,0.0,34.0,48.0,49.0,25.0,13.4,72.3,13.0,middle,ac,lab,2.0,overcast,Occ_Class_2
2023-09-21 12:37:09,29.1,0.2,1756.0,0.0,33.0,48.0,49.0,25.0,13.4,79.0,13.0,middle,ac,lab,2.0,overcast,Occ_Class_2
2023-09-21 12:37:15,28.3,0.2,1756.0,1.0,33.0,48.0,50.0,24.9,13.4,80.2,13.0,middle,ac,lab,2.0,overcast,Occ_Class_2
2023-09-21 12:37:21,29.1,0.2,1757.0,2.0,32.0,48.0,49.0,24.9,13.4,76.3,13.0,middle,ac,lab,2.0,overcast,Occ_Class_2
2023-09-21 12:37:26,29.1,0.2,1759.0,1.0,33.0,49.0,50.0,25.0,13.5,73.2,13.0,middle,ac,lab,2.0,overcast,Occ_Class_2
2023-09-21 12:37:32,29.1,0.2,1759.0,15.0,32.0,48.0,50.0,25.0,13.5,75.5,13.0,middle,ac,lab,2.0,overcast,Occ_Class_2
2023-09-21 12:37:37,28.9,0.2,1760.0,10.0,33.0,49.0,51.0,25.0,13.5,86.4,13.0,middle,ac,lab,2.0,overcast,Occ_Class_2
2023-09-21 12:37:43,29.3,0.2,1760.0,12.0,33.0,48.0,50.0,25.0,13.5,74.3,12.0,middle,ac,lab,2.0,overcast,Occ_Class_2
2023-09-21 12:37:49,29.1,0.2,1760.0,5.0,34.0,48.0,50.0,25.0,13.5,81.5,12.0,middle,ac,lab,2.0,overcast,Occ_Class_2
2023-09-21 12:37:54,28.6,0.2,1760.0,14.0,34.0,48.0,50.0,25.0,13.5,73.5,12.0,middle,ac,lab,2.0,overcast,Occ_Class_2
2023-09-21 12:38:00,29.1,0.2,1759.0,7.0,34.0,48.0,49.0,25.0,13.5,75.4,12.0,middle,ac,lab,2.0,overcast,Occ_Class_2
2023-09-21 12:38:05,28.9,0.2,1758.0,5.0,34.0,48.0,49.0,25.0,13.5,72.1,12.0,middle,ac,lab,2.0,overcast,Occ_Class_2
2023-09-21 12:38:11,29.3,0.2,1758.0,2.0,34.0,48.0,49.0,25.0,13.5,78.9,12.0,middle,ac,lab,2.0,overcast,Occ_Class_2
2023-09-21 12:38:16,29.1,0.2,1758.0,0.0,34.0,48.0,50.0,25.0,13.5,76.8,12.0,middle,ac,lab,2.0,overcast,Occ_Class_2
2023-09-21 12:38:22,29.1,0.2,1758.0,7.0,34.0,48.0,50.0,25.0,13.5,74.9,12.0,middle,ac,lab,2.0,overcast,Occ_Class_2
2023-09-21 12:38:28,29.1,0.2,1759.0,9.0,34.0,48.0,50.0,25.0,13.5,80.8,12.0,middle,ac,lab,2.0,overcast,Occ_Class_2
2023-09-21 12:38:33,28.8,0.2,1760.0,10.0,34.0,48.0,51.0,25.0,13.5,78.4,12.0,middle,ac,lab,2.0,overcast,Occ_Class_2
2023-09-21 12:38:39,29.3,0.2,1761.0,3.0,34.0,48.0,51.0,25.1,13.5,74.1,12.0,middle,ac,lab,2.0,overcast,Occ_Class_2
2023-09-21 12:38:44,29.3,0.2,1762.0,4.0,33.0,47.0,50.0,25.1,13.5,76.8,12.0,middle,ac,lab,2.0,overcast,Occ_Class_2
2023-09-21 12:38:50,29.3,0.2,1764.0,3.0,34.0,47.0,51.0,25.1,13.5,79.8,12.0,middle,ac,lab,2.0,overcast,Occ_Class_2
2023-09-21 12:38:56,28.9,0.2,1765.0,6.0,33.0,47.0,51.0,25.1,13.5,74.3,12.0,middle,ac,lab,2.0,overcast,Occ_Class_2
2023-09-21 12:39:01,29.3,0.2,1765.0,8.0,33.0,47.0,51.0,25.1,13.6,73.6,12.0,middle,ac,lab,2.0,overcast,Occ_Class_2
2023-09-21 12:39:07,29.3,0.2,1766.0,9.0,32.0,46.0,50.0,25.1,13.5,78.1,12.0,middle,ac,lab,2.0,overcast,Occ_Class_2
2023-09-21 12:39:12,29.1,0.2,1767.0,16.0,31.0,45.0,50.0,25.1,13.6,79.5,12.0,middle,ac,lab,2.0,overcast,Occ_Class_2
2023-09-21 12:39:18,29.1,0.2,1768.0,2.0,31.0,45.0,50.0,25.1,13.5,75.3,12.0,middle,ac,lab,2.0,overcast,Occ_Class_2
2023-09-21 12:39:23,28.8,0.2,1769.0,2.0,30.0,45.0,49.0,25.1,13.5,80.6,12.0,middle,ac,lab,2.0,overcast,Occ_Class_2
2023-09-21 12:39:29,24.0,0.2,1769.0,5.0,30.0,44.0,49.0,25.1,13.5,78.0,12.0,middle,ac,lab,2.0,overcast,Occ_Class_2
2023-09-21 12:39:35,24.3,0.3,1770.0,5.0,30.0,44.0,49.0,25.1,13.5,77.4,12.0,middle,ac,lab,2.0,overcast,Occ_Class_2
2023-09-21 12:39:40,29.1,0.2,1770.0,11.0,30.0,44.0,49.0,25.1,13.6,78.8,12.0,middle,ac,lab,2.0,overcast,Occ_Class_2
2023-09-21 12:39:46,28.9,0.2,1770.0,0.0,31.0,44.0,48.0,25.2,13.6,76.5,12.0,middle,ac,lab,2.0,overcast,Occ_Class_2
2023-09-21 12:39:51,28.9,0.2,1770.0,0.0,31.0,44.0,48.0,25.1,13.6,79.0,12.0,middle,ac,lab,2.0,overcast,Occ_Class_2
2023-09-21 12:39:57,24.3,0.3,1769.0,8.0,31.0,44.0,48.0,25.2,13.5,80.8,12.0,middle,ac,lab,2.0,overcast,Occ_Class_2
2023-09-21 12:40:03,24.0,0.3,1767.0,4.0,31.0,44.0,48.0,25.1,13.5,74.0,12.0,middle,ac,lab,2.0,overcast,Occ_Class_2
2023-09-21 12:40:08,29.4,0.2,1766.0,0.0,31.0,44.0,48.0,25.1,13.5,80.7,12.0,middle,ac,lab,2.0,overcast,Occ_Class_2
2023-09-21 12:40:14,29.3,0.2,1765.0,10.0,31.0,44.0,48.0,25.1,13.5,73.3,12.0,middle,ac,lab,2.0,overcast,Occ_Class_2
2023-09-21 12:40:19,22.6,0.2,1765.0,7.0,31.0,44.0,48.0,25.1,13.5,71.9,12.0,middle,ac,lab,2.0,overcast,Occ_Class_2
2023-09-21 12:40:25,24.3,0.3,1766.0,4.0,31.0,44.0,48.0,25.1,13.5,80.3,12.0,middle,ac,lab,2.0,overcast,Occ_Class_2
2023-09-21 12:40:31,24.3,0.3,1765.0,3.0,31.0,44.0,48.0,25.1,13.5,73.9,12.0,middle,ac,lab,2.0,overcast,Occ_Class_2
2023-09-21 12:40:36,29.3,0.2,1764.0,2.0,31.0,44.0,47.0,25.1,13.5,82.9,12.0,middle,ac,lab,2.0,overcast,Occ_Class_2
2023-09-21 12:40:42,29.1,0.2,1764.0,0.0,31.0,44.0,47.0,25.0,13.5,79.8,12.0,middle,ac,lab,2.0,overcast,Occ_Class_2
2023-09-21 12:40:47,22.1,0.3,1765.0,0.0,31.0,44.0,47.0,25.0,13.5,74.5,12.0,middle,ac,lab,2.0,overcast,Occ_Class_2
2023-09-21 12:40:53,22.6,0.3,1765.0,1.0,31.0,45.0,46.0,25.0,13.5,76.5,12.0,middle,ac,lab,2.0,overcast,Occ_Class_2
2023-09-21 12:40:58,29.3,0.3,1765.0,0.0,31.0,45.0,47.0,25.1,13.5,79.8,12.0,middle,ac,lab,2.0,overcast,Occ_Class_2
2023-09-21 12:41:04,29.3,0.2,1765.0,0.0,31.0,45.0,47.0,25.0,13.5,78.7,12.0,middle,ac,lab,2.0,overcast,Occ_Class_2
2023-09-21 12:41:10,29.3,0.2,1765.0,1.0,31.0,46.0,47.0,25.1,13.5,71.8,12.0,middle,ac,lab,2.0,overcast,Occ_Class_2
2023-09-21 12:41:15,22.4,0.3,1766.0,0.0,31.0,46.0,48.0,25.0,13.5,79.7,12.0,middle,ac,lab,2.0,overcast,Occ_Class_2
2023-09-21 12:41:21,22.3,0.3,1767.0,0.0,31.0,46.0,48.0,25.1,13.5,76.3,12.0,middle,ac,lab,2.0,overcast,Occ_Class_2
2023-09-21 12:41:26,29.4,0.2,1768.0,0.0,32.0,47.0,48.0,25.0,13.5,77.9,12.0,middle,ac,lab,2.0,overcast,Occ_Class_2
2023-09-21 12:41:32,29.4,0.2,1768.0,0.0,32.0,47.0,48.0,25.0,13.5,78.1,12.0,middle,ac,lab,2.0,overcast,Occ_Class_2
2023-09-21 12:41:38,28.1,0.3,1768.0,0.0,32.0,47.0,48.0,25.0,13.5,77.8,12.0,middle,ac,lab,2.0,overcast,Occ_Class_2
2023-09-21 12:41:43,22.0,0.3,1768.0,0.0,32.0,46.0,48.0,25.1,13.5,74.3,12.0,middle,ac,lab,2.0,overcast,Occ_Class_2
2023-09-21 12:41:49,22.0,0.3,1768.0,0.0,32.0,46.0,47.0,25.1,13.5,78.4,12.0,middle,ac,lab,2.0,overcast,Occ_Class_2
2023-09-21 12:41:54,29.1,0.2,1768.0,0.0,32.0,45.0,47.0,25.0,13.5,78.2,12.0,middle,ac,lab,2.0,overcast,Occ_Class_2
2023-09-21 12:42:00,29.1,0.2,1768.0,0.0,32.0,45.0,46.0,25.1,13.5,76.1,12.0,middle,ac,lab,2.0,overcast,Occ_Class_2
2023-09-21 12:42:05,21.0,0.3,1767.0,0.0,32.0,45.0,46.0,25.1,13.5,72.8,12.0,middle,ac,lab,2.0,overcast,Occ_Class_2
2023-09-21 12:42:11,21.1,0.3,1767.0,0.0,32.0,46.0,47.0,25.1,13.5,71.8,12.0,middle,ac,lab,2.0,overcast,Occ_Class_2
2023-09-21 12:42:17,20.0,0.3,1768.0,5.0,33.0,46.0,47.0,25.1,13.5,78.7,12.0,middle,ac,lab,2.0,overcast,Occ_Class_2
2023-09-21 12:42:22,29.1,0.2,1768.0,0.0,33.0,46.0,47.0,25.1,13.5,73.4,12.0,middle,ac,lab,2.0,overcast,Occ_Class_2
2023-09-21 12:42:28,29.1,0.2,1768.0,0.0,33.0,46.0,48.0,25.1,13.5,73.9,12.0,middle,ac,lab,2.0,overcast,Occ_Class_2
2023-09-21 12:42:33,19.4,0.3,1767.0,0.0,33.0,47.0,48.0,25.1,13.5,79.3,12.0,middle,ac,lab,2.0,overcast,Occ_Class_2
2023-09-21 12:42:39,18.6,0.3,1765.0,0.0,33.0,47.0,48.0,25.1,13.5,76.4,12.0,middle,ac,lab,2.0,overcast,Occ_Class_2
2023-09-21 12:42:45,29.3,0.2,1765.0,3.0,33.0,47.0,49.0,25.1,13.6,85.7,12.0,middle,ac,lab,2.0,overcast,Occ_Class_2
2023-09-21 12:42:50,29.1,0.2,1765.0,4.0,33.0,47.0,49.0,25.1,13.5,80.8,12.0,middle,ac,lab,2.0,overcast,Occ_Class_2
2023-09-21 12:42:56,28.9,0.2,1765.0,9.0,33.0,48.0,50.0,25.1,13.6,72.7,12.0,middle,ac,lab,2.0,overcast,Occ_Class_2
2023-09-21 12:43:01,27.4,0.3,1763.0,2.0,33.0,48.0,50.0,25.1,13.6,71.6,12.0,middle,ac,lab,2.0,overcast,Occ_Class_2
2023-09-21 12:43:07,27.0,0.3,1761.0,0.0,32.0,48.0,50.0,25.1,13.6,79.7,12.0,middle,ac,lab,2.0,overcast,Occ_Class_2
2023-09-21 12:43:13,27.0,0.3,1760.0,2.0,32.0,48.0,50.0,25.1,13.5,74.4,12.0,middle,ac,lab,2.0,overcast,Occ_Class_2
2023-09-21 12:43:18,29.4,0.2,1760.0,3.0,32.0,48.0,50.0,25.1,13.5,72.2,12.0,middle,ac,lab,2.0,overcast,Occ_Class_2
2023-09-21 12:43:24,29.1,0.2,1760.0,4.0,33.0,49.0,51.0,25.1,13.6,77.7,13.0,middle,ac,lab,2.0,overcast,Occ_Class_2
2023-09-21 12:43:29,27.1,0.3,1758.0,0.0,32.0,47.0,49.0,25.1,13.6,74.9,13.0,middle,ac,lab,2.0,overcast,Occ_Class_2
2023-09-21 12:43:35,25.2,0.3,1757.0,1.0,32.0,48.0,50.0,25.1,13.5,80.3,13.0,middle,ac,lab,2.0,overcast,Occ_Class_2
2023-09-21 12:43:40,29.3,0.2,1757.0,0.0,31.0,46.0,48.0,25.1,13.5,78.3,13.0,middle,ac,lab,2.0,overcast,Occ_Class_2
2023-09-21 12:43:46,29.3,0.2,1758.0,0.0,33.0,47.0,49.0,25.1,13.6,75.4,13.0,middle,ac,lab,2.0,overcast,Occ_Class_2
2023-09-21 12:43:52,29.1,0.2,1759.0,3.0,32.0,46.0,48.0,25.1,13.6,74.1,13.0,middle,ac,lab,2.0,overcast,Occ_Class_2
2023-09-21 12:43:57,27.4,0.3,1758.0,0.0,33.0,47.0,50.0,25.1,13.5,77.2,13.0,middle,ac,lab,2.0,overcast,Occ_Class_2
2023-09-21 12:44:03,29.3,0.2,1756.0,0.0,33.0,48.0,50.0,25.1,13.5,76.7,13.0,middle,ac,lab,2.0,overcast,Occ_Class_2
2023-09-21 12:44:08,28.9,0.3,1755.0,0.0,33.0,48.0,51.0,25.1,13.5,74.7,13.0,middle,ac,lab,2.0,overcast,Occ_Class_2
2023-09-21 12:44:14,29.3,0.3,1756.0,0.0,32.0,47.0,50.0,25.1,13.6,79.2,13.0,middle,ac,lab,2.0,overcast,Occ_Class_2
2023-09-21 12:44:20,29.4,0.3,1757.0,0.0,33.0,48.0,51.0,25.1,13.5,72.5,12.0,middle,ac,lab,2.0,overcast,Occ_Class_2
2023-09-21 12:44:25,27.3,0.3,1760.0,0.0,32.0,48.0,50.0,25.1,13.5,79.8,12.0,middle,ac,lab,2.0,overcast,Occ_Class_2
2023-09-21 12:44:31,28.9,0.3,1761.0,0.0,33.0,49.0,51.0,25.1,13.5,76.7,12.0,middle,ac,lab,2.0,overcast,Occ_Class_2
2023-09-21 12:44:36,28.9,0.3,1762.0,0.0,32.0,48.0,51.0,25.1,13.5,76.2,12.0,middle,ac,lab,2.0,overcast,Occ_Class_2
2023-09-21 12:44:42,28.9,0.3,1764.0,0.0,33.0,47.0,51.0,25.0,13.5,79.7,10.0,middle,ac,lab,2.0,overcast,Occ_Class_1
2023-09-21 12:44:47,29.3,0.3,1765.0,0.0,33.0,47.0,51.0,25.1,13.5,72.8,10.0,middle,ac,lab,2.0,overcast,Occ_Class_1
2023-09-21 12:44:53,27.4,0.3,1767.0,0.0,33.0,47.0,51.0,25.0,13.5,76.4,10.0,middle,ac,lab,2.0,overcast,Occ_Class_1
2023-09-21 12:44:59,29.3,0.3,1769.0,0.0,33.0,47.0,51.0,25.0,13.5,78.9,11.0,middle,ac,lab,2.0,overcast,Occ_Class_2
2023-09-21 12:45:04,29.1,0.3,1771.0,0.0,33.0,47.0,50.0,25.0,13.5,77.8,11.0,middle,ac,lab,2.0,overcast,Occ_Class_2
2023-09-21 12:45:10,29.1,0.3,1772.0,0.0,33.0,47.0,50.0,25.0,13.5,79.6,11.0,middle,ac,lab,2.0,overcast,Occ_Class_2
2023-09-21 12:45:15,29.3,0.3,1775.0,0.0,33.0,47.0,50.0,25.0,13.4,75.4,11.0,middle,ac,lab,2.0,overcast,Occ_Class_2
2023-09-21 12:45:21,29.4,0.3,1778.0,0.0,34.0,47.0,50.0,25.0,13.5,78.0,11.0,middle,ac,lab,2.0,overcast,Occ_Class_2
2023-09-21 12:45:27,29.4,0.3,1779.0,0.0,34.0,47.0,50.0,25.0,13.5,73.6,11.0,middle,ac,lab,2.0,overcast,Occ_Class_2
2023-09-21 12:45:32,29.1,0.3,1780.0,0.0,34.0,47.0,50.0,25.0,13.5,78.3,11.0,middle,ac,lab,2.0,overcast,Occ_Class_2
2023-09-21 12:45:38,29.4,0.3,1782.0,0.0,35.0,48.0,51.0,25.1,13.5,71.7,11.0,middle,ac,lab,2.0,overcast,Occ_Class_2
2023-09-21 12:45:43,29.4,0.2,1783.0,0.0,34.0,48.0,50.0,25.1,13.5,81.8,11.0,middle,ac,lab,2.0,overcast,Occ_Class_2
2023-09-21 12:45:49,29.1,0.3,1784.0,0.0,33.0,48.0,50.0,25.1,13.5,78.1,11.0,middle,ac,lab,2.0,overcast,Occ_Class_2
2023-09-21 12:45:55,29.3,0.3,1785.0,0.0,34.0,49.0,51.0,25.1,13.5,76.6,11.0,middle,ac,lab,2.0,overcast,Occ_Class_2
2023-09-21 12:46:00,29.3,0.3,1784.0,0.0,33.0,48.0,50.0,25.1,13.5,77.9,11.0,middle,ac,lab,2.0,overcast,Occ_Class_2
2023-09-21 12:46:06,29.4,0.3,1784.0,0.0,34.0,49.0,51.0,25.1,13.5,81.0,11.0,middle,ac,lab,2.0,overcast,Occ_Class_2
2023-09-21 12:46:11,29.3,0.3,1786.0,0.0,33.0,48.0,50.0,25.1,13.5,77.9,11.0,middle,ac,lab,2.0,overcast,Occ_Class_2
2023-09-21 12:46:17,29.4,0.3,1787.0,0.0,34.0,49.0,51.0,25.1,13.5,74.1,11.0,middle,ac,lab,2.0,overcast,Occ_Class_2
2023-09-21 12:46:22,29.3,0.3,1789.0,0.0,34.0,49.0,51.0,25.1,13.5,74.2,11.0,middle,ac,lab,2.0,overcast,Occ_Class_2
2023-09-21 12:46:28,29.4,0.3,1788.0,0.0,34.0,48.0,50.0,25.1,13.5,71.8,11.0,middle,ac,lab,2.0,overcast,Occ_Class_2
2023-09-21 12:46:34,29.3,0.3,1787.0,0.0,34.0,47.0,50.0,25.1,13.5,79.0,11.0,middle,ac,lab,2.0,overcast,Occ_Class_2
2023-09-21 12:46:39,28.3,0.3,1786.0,0.0,34.0,47.0,49.0,25.1,13.5,75.5,11.0,middle,ac,lab,2.0,overcast,Occ_Class_2
2023-09-21 12:46:45,29.1,0.3,1787.0,0.0,34.0,47.0,50.0,25.1,13.5,72.1,11.0,middle,ac,lab,2.0,overcast,Occ_Class_2
2023-09-21 12:46:50,29.3,0.3,1789.0,0.0,33.0,46.0,48.0,25.1,13.5,76.7,11.0,middle,ac,lab,2.0,overcast,Occ_Class_2
2023-09-21 12:46:56,29.3,0.3,1790.0,9.0,33.0,46.0,49.0,25.1,13.5,77.3,11.0,middle,ac,lab,2.0,overcast,Occ_Class_2
2023-09-21 12:47:02,29.4,0.3,1790.0,9.0,33.0,46.0,49.0,25.1,13.5,73.2,11.0,middle,ac,lab,2.0,overcast,Occ_Class_2
2023-09-21 12:47:07,29.1,0.3,1792.0,3.0,34.0,47.0,51.0,25.1,13.5,77.1,11.0,middle,ac,lab,2.0,overcast,Occ_Class_2
2023-09-21 12:47:13,29.4,0.3,1794.0,7.0,33.0,47.0,51.0,25.1,13.5,74.4,11.0,middle,ac,lab,2.0,overcast,Occ_Class_2
2023-09-21 12:47:18,28.6,0.3,1797.0,4.0,32.0,46.0,51.0,25.1,13.5,74.3,11.0,middle,ac,lab,2.0,overcast,Occ_Class_2
2023-09-21 12:47:24,29.3,0.3,1797.0,4.0,33.0,47.0,52.0,25.1,13.5,80.0,11.0,middle,ac,lab,2.0,overcast,Occ_Class_2
2023-09-21 12:47:29,29.4,0.3,1797.0,0.0,33.0,47.0,52.0,25.1,13.5,72.6,11.0,middle,ac,lab,2.0,overcast,Occ_Class_2
2023-09-21 12:47:35,29.4,0.3,1796.0,4.0,33.0,47.0,52.0,25.1,13.5,72.7,11.0,middle,ac,lab,2.0,overcast,Occ_Class_2
2023-09-21 12:47:41,29.4,0.3,1797.0,3.0,32.0,46.0,50.0,25.1,13.5,80.1,11.0,middle,ac,lab,2.0,overcast,Occ_Class_2
2023-09-21 12:47:46,29.3,0.3,1798.0,10.0,32.0,46.0,50.0,25.1,13.5,75.9,11.0,middle,ac,lab,2.0,overcast,Occ_Class_2
2023-09-21 12:47:52,29.3,0.3,1800.0,14.0,32.0,47.0,52.0,25.0,13.5,81.2,11.0,middle,ac,lab,2.0,overcast,Occ_Class_2
2023-09-21 12:47:57,28.9,0.3,1800.0,15.0,32.0,47.0,51.0,25.1,13.5,77.6,11.0,middle,ac,lab,2.0,overcast,Occ_Class_2
2023-09-21 12:48:03,29.4,0.3,1800.0,19.0,31.0,46.0,50.0,25.0,13.5,75.5,11.0,middle,ac,lab,2.0,overcast,Occ_Class_2
2023-09-21 12:48:09,29.1,0.3,1800.0,18.0,31.0,47.0,50.0,25.0,13.5,74.1,11.0,middle,ac,lab,2.0,overcast,Occ_Class_2
2023-09-21 12:48:14,29.4,0.3,1800.0,22.0,31.0,47.0,50.0,25.1,13.5,79.5,11.0,middle,ac,lab,2.0,overcast,Occ_Class_2
2023-09-21 12:48:20,29.4,0.3,1802.0,12.0,31.0,46.0,49.0,25.0,13.5,74.3,11.0,middle,ac,lab,2.0,overcast,Occ_Class_2
2023-09-21 12:48:25,27.3,0.3,1802.0,13.0,32.0,47.0,50.0,25.0,13.5,71.0,11.0,middle,ac,lab,2.0,overcast,Occ_Class_2
2023-09-21 12:48:31,29.3,0.3,1801.0,16.0,32.0,47.0,50.0,25.0,13.5,79.5,11.0,middle,ac,lab,2.0,overcast,Occ_Class_2
2023-09-21 12:48:37,29.3,0.3,1800.0,14.0,32.0,47.0,49.0,25.0,13.5,71.2,11.0,middle,ac,lab,2.0,overcast,Occ_Class_2
2023-09-21 12:48:42,29.4,0.3,1802.0,15.0,31.0,46.0,49.0,25.0,13.5,78.5,11.0,middle,ac,lab,2.0,overcast,Occ_Class_2
2023-09-21 12:48:48,29.1,0.3,1803.0,14.0,31.0,46.0,49.0,25.0,13.5,78.1,11.0,middle,ac,lab,2.0,overcast,Occ_Class_2
2023-09-21 12:48:53,22.4,0.3,1804.0,11.0,31.0,46.0,49.0,25.0,13.5,73.2,11.0,middle,ac,lab,2.0,overcast,Occ_Class_2
2023-09-21 12:48:59,24.2,0.3,1804.0,14.0,31.0,46.0,49.0,25.0,13.5,77.9,11.0,middle,ac,lab,2.0,overcast,Occ_Class_2
2023-09-21 12:49:04,29.3,0.3,1804.0,24.0,31.0,47.0,50.0,25.0,13.5,72.0,11.0,middle,ac,lab,2.0,overcast,Occ_Class_2
2023-09-21 12:49:10,29.4,0.3,1804.0,28.0,30.0,46.0,49.0,25.0,13.5,79.7,11.0,middle,ac,lab,2.0,overcast,Occ_Class_2
2023-09-21 12:49:16,29.4,0.3,1807.0,25.0,30.0,46.0,49.0,25.1,13.5,79.8,11.0,middle,ac,lab,2.0,overcast,Occ_Class_2
2023-09-21 12:49:21,22.7,0.3,1808.0,27.0,30.0,46.0,49.0,25.1,13.5,75.3,11.0,middle,ac,lab,2.0,overcast,Occ_Class_2
2023-09-21 12:49:27,24.5,0.3,1808.0,27.0,30.0,45.0,49.0,25.0,13.5,74.1,11.0,middle,ac,lab,2.0,overcast,Occ_Class_2
2023-09-21 12:49:32,29.4,0.3,1807.0,34.0,31.0,46.0,50.0,25.0,13.5,79.6,11.0,middle,ac,lab,2.0,overcast,Occ_Class_2
2023-09-21 12:49:38,29.4,0.3,1807.0,32.0,30.0,46.0,49.0,25.1,13.5,76.5,11.0,middle,ac,lab,2.0,overcast,Occ_Class_2
2023-09-21 12:49:44,22.6,0.3,1809.0,34.0,30.0,46.0,49.0,25.0,13.5,73.5,11.0,middle,ac,lab,2.0,overcast,Occ_Class_2
2023-09-21 12:49:49,22.3,0.3,1810.0,29.0,31.0,46.0,50.0,25.1,13.5,79.5,11.0,middle,ac,lab,2.0,overcast,Occ_Class_2
2023-09-21 12:49:55,24.5,0.3,1811.0,33.0,31.0,47.0,50.0,25.1,13.5,78.8,11.0,middle,ac,lab,2.0,overcast,Occ_Class_2
2023-09-21 12:50:00,29.4,0.3,1811.0,33.0,31.0,46.0,50.0,25.1,13.5,82.0,11.0,middle,ac,lab,2.0,overcast,Occ_Class_2
2023-09-21 12:50:06,29.4,0.3,1812.0,20.0,32.0,46.0,49.0,25.1,13.5,77.3,11.0,middle,ac,lab,2.0,overcast,Occ_Class_2
2023-09-21 12:50:11,22.7,0.3,1812.0,22.0,32.0,45.0,49.0,25.1,13.5,73.5,13.0,middle,ac,lab,2.0,overcast,Occ_Class_2
2023-09-21 12:50:17,22.6,0.3,1815.0,12.0,32.0,45.0,48.0,25.1,13.5,77.0,13.0,middle,ac,lab,2.0,overcast,Occ_Class_2
2023-09-21 12:50:23,24.3,0.3,1816.0,23.0,33.0,45.0,49.0,25.1,13.5,78.9,13.0,middle,ac,lab,2.0,overcast,Occ_Class_2
2023-09-21 12:50:28,29.6,0.3,1815.0,17.0,32.0,44.0,48.0,25.1,13.5,73.0,13.0,middle,ac,lab,2.0,overcast,Occ_Class_2
2023-09-21 12:50:34,29.4,0.3,1814.0,15.0,32.0,44.0,48.0,25.1,13.5,74.7,13.0,middle,ac,lab,2.0,overcast,Occ_Class_2
2023-09-21 12:50:39,22.4,0.3,1814.0,24.0,32.0,45.0,48.0,25.1,13.5,79.5,13.0,middle,ac,lab,2.0,overcast,Occ_Class_2
2023-09-21 12:50:45,22.4,0.3,1815.0,17.0,33.0,46.0,50.0,25.1,13.5,71.6,13.0,middle,ac,lab,2.0,overcast,Occ_Class_2
2023-09-21 12:50:51,29.1,0.3,1815.0,24.0,32.0,45.0,49.0,25.1,13.5,75.5,13.0,middle,ac,lab,2.0,overcast,Occ_Class_2
2023-09-21 12:50:56,29.6,0.3,1815.0,20.0,33.0,47.0,50.0,25.1,13.5,81.4,13.0,middle,ac,lab,2.0,overcast,Occ_Class_2
2023-09-21 12:51:02,28.6,0.3,1814.0,30.0,33.0,47.0,50.0,25.1,13.5,79.2,13.0,middle,ac,lab,2.0,overcast,Occ_Class_2
2023-09-21 12:51:07,22.3,0.3,1813.0,23.0,32.0,46.0,49.0,25.1,13.5,78.6,13.0,middle,ac,lab,2.0,overcast,Occ_Class_2
2023-09-21 12:51:13,21.6,0.3,1813.0,21.0,32.0,46.0,49.0,25.1,13.5,72.6,13.0,middle,ac,lab,2.0,overcast,Occ_Class_2
2023-09-21 12:51:19,29.1,0.3,1814.0,23.0,33.0,48.0,50.0,25.1,13.5,77.8,13.0,middle,ac,lab,2.0,overcast,Occ_Class_2
2023-09-21 12:51:24,29.3,0.3,1814.0,22.0,32.0,47.0,49.0,25.1,13.5,75.3,13.0,middle,ac,lab,2.0,overcast,Occ_Class_2
2023-09-21 12:51:30,21.4,0.3,1813.0,20.0,33.0,48.0,50.0,25.1,13.5,73.2,13.0,middle,ac,lab,2.0,overcast,Occ_Class_2
2023-09-21 12:51:35,20.7,0.3,1813.0,21.0,33.0,48.0,50.0,25.1,13.6,78.6,13.0,middle,ac,lab,2.0,overcast,Occ_Class_2
2023-09-21 12:51:41,20.7,0.3,1813.0,15.0,32.0,46.0,49.0,25.1,13.6,71.6,13.0,middle,ac,lab,2.0,overcast,Occ_Class_2
2023-09-21 12:51:46,29.1,0.3,1814.0,27.0,32.0,46.0,49.0,25.1,13.5,72.5,13.0,middle,ac,lab,2.0,overcast,Occ_Class_2
2023-09-21 12:51:52,29.4,0.3,1814.0,32.0,33.0,47.0,49.0,25.1,13.5,77.1,13.0,middle,ac,lab,2.0,overcast,Occ_Class_2
2023-09-21 12:51:58,19.5,0.3,1814.0,37.0,33.0,47.0,49.0,25.1,13.5,77.0,13.0,middle,ac,lab,2.0,overcast,Occ_Class_2
2023-09-21 12:52:03,19.0,0.3,1814.0,40.0,32.0,46.0,48.0,25.1,13.5,75.5,13.0,middle,ac,lab,2.0,overcast,Occ_Class_2
2023-09-21 12:52:09,29.4,0.3,1815.0,52.0,33.0,47.0,50.0,25.1,13.6,84.4,13.0,middle,ac,lab,2.0,overcast,Occ_Class_2
2023-09-21 12:52:14,29.4,0.3,1815.0,59.0,32.0,47.0,49.0,25.1,13.5,78.6,13.0,middle,ac,lab,2.0,overcast,Occ_Class_2
2023-09-21 12:52:20,29.6,0.3,1817.0,65.0,33.0,48.0,51.0,25.1,13.6,72.9,13.0,middle,ac,lab,2.0,overcast,Occ_Class_2
2023-09-21 12:52:26,27.8,0.3,1817.0,65.0,32.0,47.0,51.0,25.1,13.5,74.3,13.0,middle,ac,lab,2.0,overcast,Occ_Class_2
2023-09-21 12:52:31,27.3,0.3,1816.0,56.0,33.0,47.0,52.0,25.1,13.6,75.0,13.0,middle,ac,lab,2.0,overcast,Occ_Class_2
2023-09-21 12:52:37,29.4,0.3,1817.0,62.0,32.0,47.0,53.0,25.1,13.6,73.3,13.0,middle,ac,lab,2.0,overcast,Occ_Class_2
2023-09-21 12:52:42,29.6,0.3,1818.0,69.0,32.0,47.0,53.0,25.1,13.6,73.9,13.0,middle,ac,lab,2.0,overcast,Occ_Class_2
2023-09-21 12:52:48,29.3,0.3,1819.0,70.0,33.0,48.0,55.0,25.2,13.6,72.6,13.0,middle,ac,lab,2.0,overcast,Occ_Class_2
2023-09-21 12:52:54,27.6,0.3,1819.0,72.0,32.0,47.0,54.0,25.2,13.6,76.5,13.0,middle,ac,lab,2.0,overcast,Occ_Class_2
2023-09-21 12:52:59,27.4,0.3,1819.0,68.0,32.0,46.0,53.0,25.2,13.6,76.4,13.0,middle,ac,lab,2.0,overcast,Occ_Class_2
2023-09-21 12:53:05,29.4,0.3,1818.0,76.0,31.0,46.0,52.0,25.2,13.6,76.4,13.0,middle,ac,lab,2.0,overcast,Occ_Class_2
2023-09-21 12:53:10,28.6,0.3,1820.0,79.0,31.0,46.0,51.0,25.2,13.6,72.9,13.0,middle,ac,lab,2.0,overcast,Occ_Class_2
2023-09-21 12:53:16,29.8,0.3,1822.0,90.0,31.0,46.0,50.0,25.2,13.6,72.1,13.0,middle,ac,lab,2.0,overcast,Occ_Class_2
2023-09-21 12:53:21,25.4,0.3,1822.0,89.0,31.0,45.0,50.0,25.2,13.6,72.7,13.0,middle,ac,lab,2.0,overcast,Occ_Class_2
2023-09-21 12:53:27,29.6,0.3,1822.0,108.0,31.0,45.0,49.0,25.2,13.6,77.8,13.0,middle,ac,lab,2.0,overcast,Occ_Class_2
2023-09-21 12:53:33,29.4,0.3,1822.0,99.0,30.0,45.0,49.0,25.2,13.6,71.9,13.0,middle,ac,lab,2.0,overcast,Occ_Class_2
2023-09-21 12:53:38,29.6,0.3,1822.0,96.0,30.0,45.0,49.0,25.2,13.6,78.2,13.0,middle,ac,lab,2.0,overcast,Occ_Class_2
2023-09-21 12:53:44,29.4,0.3,1824.0,91.0,30.0,45.0,49.0,25.2,13.6,79.3,13.0,middle,ac,lab,2.0,overcast,Occ_Class_2
2023-09-21 12:53:49,27.6,0.3,1825.0,88.0,30.0,45.0,49.0,25.2,13.6,70.2,13.0,middle,ac,lab,2.0,overcast,Occ_Class_2
2023-09-21 12:53:55,29.3,0.3,1824.0,91.0,30.0,44.0,48.0,25.2,13.6,74.4,13.0,middle,ac,lab,2.0,overcast,Occ_Class_2
2023-09-21 12:54:01,29.6,0.3,1822.0,98.0,30.0,44.0,48.0,25.2,13.6,79.7,13.0,middle,ac,lab,2.0,overcast,Occ_Class_2
2023-09-21 12:54:06,28.6,0.3,1822.0,92.0,30.0,44.0,48.0,25.2,13.6,78.8,13.0,middle,ac,lab,2.0,overcast,Occ_Class_2
2023-09-21 12:54:12,29.6,0.3,1823.0,95.0,30.0,43.0,48.0,25.3,13.6,74.3,13.0,middle,ac,lab,2.0,overcast,Occ_Class_2
2023-09-21 12:54:17,29.3,0.3,1825.0,96.0,31.0,45.0,49.0,25.2,13.6,82.1,13.0,middle,ac,lab,2.0,overcast,Occ_Class_2
2023-09-21 12:54:23,29.6,0.3,1825.0,98.0,30.0,44.0,48.0,25.2,13.6,77.7,13.0,middle,ac,lab,2.0,overcast,Occ_Class_2
2023-09-21 12:54:28,29.6,0.3,1824.0,96.0,30.0,44.0,48.0,25.2,13.6,79.2,13.0,middle,ac,lab,2.0,overcast,Occ_Class_2
2023-09-21 12:54:34,29.6,0.3,1823.0,98.0,30.0,44.0,48.0,25.2,13.6,74.4,13.0,middle,ac,lab,2.0,overcast,Occ_Class_2
2023-09-21 12:54:40,29.8,0.3,1824.0,102.0,29.0,44.0,47.0,25.2,13.6,79.6,13.0,middle,ac,lab,2.0,overcast,Occ_Class_2
2023-09-21 12:54:45,28.6,0.3,1825.0,105.0,29.0,45.0,47.0,25.2,13.6,77.0,13.0,middle,ac,lab,2.0,overcast,Occ_Class_2
2023-09-21 12:54:51,29.3,0.3,1826.0,98.0,29.0,45.0,48.0,25.2,13.6,74.0,13.0,middle,ac,lab,2.0,overcast,Occ_Class_2
2023-09-21 12:54:56,29.6,0.3,1826.0,104.0,29.0,45.0,48.0,25.2,13.6,77.9,13.0,middle,ac,lab,2.0,overcast,Occ_Class_2
2023-09-21 12:55:02,29.3,0.3,1824.0,103.0,29.0,45.0,48.0,25.2,13.6,72.2,13.0,middle,ac,lab,2.0,overcast,Occ_Class_2
2023-09-21 12:55:08,29.6,0.3,1824.0,108.0,29.0,45.0,48.0,25.2,13.6,76.5,13.0,middle,ac,lab,2.0,overcast,Occ_Class_2
2023-09-21 12:55:13,29.6,0.3,1826.0,110.0,29.0,45.0,48.0,25.2,13.6,78.3,13.0,middle,ac,lab,2.0,overcast,Occ_Class_2
2023-09-21 12:55:19,29.3,0.3,1829.0,104.0,29.0,46.0,49.0,25.2,13.6,72.6,13.0,middle,ac,lab,2.0,overcast,Occ_Class_2
2023-09-21 12:55:24,29.4,0.3,1829.0,100.0,29.0,46.0,49.0,25.2,13.6,77.0,13.0,middle,ac,lab,2.0,overcast,Occ_Class_2
2023-09-21 12:55:30,29.3,0.3,1829.0,107.0,29.0,46.0,49.0,25.2,13.6,76.8,13.0,middle,ac,lab,2.0,overcast,Occ_Class_2
2023-09-21 12:55:36,29.6,0.3,1828.0,107.0,30.0,46.0,49.0,25.2,13.6,75.1,13.0,middle,ac,lab,2.0,overcast,Occ_Class_2
2023-09-21 12:55:41,29.6,0.3,1830.0,102.0,30.0,45.0,48.0,25.2,13.6,76.7,13.0,middle,ac,lab,2.0,overcast,Occ_Class_2
2023-09-21 12:55:47,29.6,0.3,1832.0,102.0,30.0,45.0,48.0,25.2,13.6,74.7,13.0,middle,ac,lab,2.0,overcast,Occ_Class_2
2023-09-21 12:55:52,29.4,0.3,1831.0,101.0,30.0,45.0,48.0,25.2,13.6,78.1,13.0,middle,ac,lab,2.0,overcast,Occ_Class_2
2023-09-21 12:55:58,29.3,0.3,1830.0,100.0,30.0,45.0,48.0,25.2,13.6,69.2,13.0,middle,ac,lab,2.0,overcast,Occ_Class_2
2023-09-21 12:56:03,29.6,0.3,1830.0,102.0,30.0,45.0,48.0,25.2,13.6,74.2,13.0,middle,ac,lab,2.0,overcast,Occ_Class_2
2023-09-21 12:56:09,29.3,0.3,1831.0,99.0,30.0,45.0,48.0,25.2,13.6,73.9,13.0,middle,ac,lab,2.0,overcast,Occ_Class_2
2023-09-21 12:56:15,29.3,0.3,1831.0,103.0,29.0,46.0,48.0,25.1,13.6,77.8,13.0,middle,ac,lab,2.0,overcast,Occ_Class_2
2023-09-21 12:56:20,29.3,0.3,1831.0,104.0,29.0,46.0,48.0,25.2,13.6,76.7,13.0,middle,ac,lab,2.0,overcast,Occ_Class_2
2023-09-21 12:56:26,29.1,0.3,1831.0,100.0,29.0,47.0,49.0,25.2,13.6,81.8,13.0,middle,ac,lab,2.0,overcast,Occ_Class_2
2023-09-21 12:56:31,28.4,0.3,1830.0,94.0,29.0,47.0,49.0,25.2,13.6,78.0,13.0,middle,ac,lab,2.0,overcast,Occ_Class_2
2023-09-21 12:56:37,29.3,0.3,1830.0,100.0,29.0,47.0,49.0,25.2,13.6,72.3,13.0,middle,ac,lab,2.0,overcast,Occ_Class_2
2023-09-21 12:56:43,29.4,0.3,1830.0,107.0,29.0,47.0,49.0,25.2,13.6,73.6,13.0,middle,ac,lab,2.0,overcast,Occ_Class_2
2023-09-21 12:56:48,29.6,0.3,1830.0,108.0,30.0,47.0,49.0,25.2,13.6,71.4,13.0,middle,ac,lab,2.0,overcast,Occ_Class_2
2023-09-21 12:56:54,29.4,0.3,1829.0,109.0,31.0,48.0,50.0,25.1,13.6,74.5,13.0,middle,ac,lab,2.0,overcast,Occ_Class_2
2023-09-21 12:56:59,29.3,0.3,1828.0,106.0,30.0,47.0,49.0,25.1,13.6,76.5,13.0,middle,ac,lab,2.0,overcast,Occ_Class_2
2023-09-21 12:57:05,29.6,0.3,1827.0,110.0,31.0,47.0,49.0,25.2,13.6,78.3,13.0,middle,ac,lab,2.0,overcast,Occ_Class_2
2023-09-21 12:57:11,28.6,0.3,1828.0,117.0,32.0,48.0,50.0,25.2,13.6,73.7,13.0,middle,ac,lab,2.0,overcast,Occ_Class_2
2023-09-21 12:57:16,29.6,0.3,1828.0,107.0,32.0,48.0,50.0,25.2,13.6,75.3,13.0,middle,ac,lab,2.0,overcast,Occ_Class_2
2023-09-21 12:57:22,29.6,0.3,1827.0,121.0,31.0,47.0,49.0,25.2,13.6,78.0,13.0,middle,ac,lab,2.0,overcast,Occ_Class_2
2023-09-21 12:57:27,29.6,0.3,1825.0,117.0,32.0,48.0,50.0,25.2,13.6,77.2,13.0,middle,ac,lab,2.0,overcast,Occ_Class_2
2023-09-21 12:57:33,29.6,0.3,1824.0,125.0,31.0,47.0,50.0,25.2,13.6,78.4,13.0,middle,ac,lab,2.0,overcast,Occ_Class_2
2023-09-21 12:57:38,29.4,0.3,1823.0,121.0,30.0,46.0,49.0,25.2,13.6,76.8,13.0,middle,ac,lab,2.0,overcast,Occ_Class_2
2023-09-21 12:57:44,29.6,0.3,1822.0,119.0,30.0,46.0,49.0,25.2,13.6,77.0,13.0,middle,ac,lab,2.0,overcast,Occ_Class_2
2023-09-21 12:57:50,29.4,0.3,1822.0,119.0,30.0,46.0,49.0,25.2,13.6,74.5,13.0,middle,ac,lab,2.0,overcast,Occ_Class_2
2023-09-21 12:57:55,24.6,0.3,1819.0,107.0,29.0,46.0,48.0,25.2,13.6,73.5,13.0,middle,ac,lab,2.0,overcast,Occ_Class_2
2023-09-21 12:58:01,24.6,0.3,1817.0,112.0,30.0,46.0,48.0,25.2,13.6,73.8,13.0,middle,ac,lab,2.0,overcast,Occ_Class_2
2023-09-21 12:58:06,29.4,0.3,1816.0,116.0,30.0,45.0,48.0,25.2,13.6,73.1,13.0,middle,ac,lab,2.0,overcast,Occ_Class_2
2023-09-21 12:58:12,29.6,0.3,1816.0,117.0,30.0,45.0,48.0,25.2,13.6,78.3,13.0,middle,ac,lab,2.0,overcast,Occ_Class_2
2023-09-21 12:58:18,22.8,0.3,1815.0,114.0,30.0,45.0,48.0,25.2,13.6,77.9,13.0,middle,ac,lab,2.0,overcast,Occ_Class_2
2023-09-21 12:58:23,24.6,0.3,1814.0,110.0,30.0,46.0,48.0,25.2,13.6,78.6,13.0,middle,ac,lab,2.0,overcast,Occ_Class_2
2023-09-21 12:58:29,24.6,0.3,1812.0,107.0,32.0,46.0,48.0,25.2,13.6,73.4,13.0,middle,ac,lab,2.0,overcast,Occ_Class_2
2023-09-21 12:58:34,29.4,0.3,1810.0,110.0,32.0,46.0,48.0,25.2,13.6,81.5,13.0,middle,ac,lab,2.0,overcast,Occ_Class_2
2023-09-21 12:58:40,29.4,0.3,1810.0,105.0,32.0,46.0,48.0,25.2,13.6,78.2,13.0,middle,ac,lab,2.0,overcast,Occ_Class_2
2023-09-21 12:58:46,22.7,0.3,1811.0,106.0,32.0,46.0,48.0,25.2,13.6,73.4,13.0,middle,ac,lab,2.0,overcast,Occ_Class_2
2023-09-21 12:58:51,24.5,0.3,1810.0,111.0,31.0,45.0,47.0,25.2,13.6,73.7,13.0,middle,ac,lab,2.0,overcast,Occ_Class_2
2023-09-21 12:58:57,29.6,0.3,1808.0,97.0,31.0,45.0,47.0,25.2,13.6,73.8,13.0,middle,ac,lab,2.0,overcast,Occ_Class_2
2023-09-21 12:59:02,29.3,0.3,1807.0,108.0,31.0,45.0,47.0,25.2,13.6,74.1,13.0,middle,ac,lab,2.0,overcast,Occ_Class_2
2023-09-21 12:59:08,29.6,0.3,1806.0,101.0,31.0,46.0,48.0,25.2,13.6,80.1,13.0,middle,ac,lab,2.0,overcast,Occ_Class_2
2023-09-21 12:59:13,22.7,0.3,1805.0,102.0,31.0,46.0,48.0,25.2,13.6,73.9,13.0,middle,ac,lab,2.0,overcast,Occ_Class_2
2023-09-21 12:59:19,24.3,0.3,1804.0,91.0,31.0,46.0,48.0,25.2,13.6,75.0,13.0,middle,ac,lab,2.0,overcast,Occ_Class_2
2023-09-21 12:59:25,29.4,0.3,1803.0,100.0,30.0,45.0,47.0,25.2,13.6,75.0,13.0,middle,ac,lab,2.0,overcast,Occ_Class_2
2023-09-21 12:59:30,29.6,0.3,1803.0,100.0,30.0,45.0,47.0,25.2,13.6,76.2,14.0,middle,ac,lab,2.0,overcast,Occ_Class_2
2023-09-21 12:59:36,28.6,0.3,1803.0,94.0,30.0,45.0,47.0,25.2,13.6,72.5,14.0,middle,ac,lab,2.0,overcast,Occ_Class_2
2023-09-21 12:59:41,22.7,0.3,1803.0,98.0,30.0,45.0,47.0,25.2,13.6,80.7,14.0,middle,ac,lab,2.0,overcast,Occ_Class_2
2023-09-21 12:59:47,24.2,0.3,1803.0,101.0,30.0,44.0,46.0,25.2,13.6,80.8,14.0,middle,ac,lab,2.0,overcast,Occ_Class_2
2023-09-21 12:59:53,31.1,0.3,1805.0,94.0,30.0,44.0,46.0,25.2,13.6,74.3,14.0,middle,ac,lab,2.0,overcast,Occ_Class_2
2023-09-21 12:59:58,31.1,0.3,1804.0,102.0,30.0,44.0,46.0,25.2,13.6,76.3,14.0,middle,ac,lab,2.0,overcast,Occ_Class_2
2023-09-21 13:00:04,24.8,0.3,1803.0,99.0,30.0,44.0,46.0,25.2,13.6,76.8,13.0,backside,ac,lab,2.0,overcast,Occ_Class_2
2023-09-21 13:00:09,24.6,0.3,1801.0,95.0,31.0,44.0,46.0,25.2,13.6,70.8,13.0,backside,ac,lab,2.0,overcast,Occ_Class_2
2023-09-21 13:00:15,25.5,0.3,1800.0,99.0,31.0,45.0,48.0,25.2,13.6,78.6,13.0,backside,ac,lab,2.0,overcast,Occ_Class_2
2023-09-21 13:00:21,31.3,0.3,1799.0,100.0,30.0,44.0,47.0,25.2,13.6,72.4,13.0,backside,ac,lab,2.0,overcast,Occ_Class_2
2023-09-21 13:00:26,31.0,0.3,1797.0,104.0,30.0,44.0,48.0,25.2,13.6,75.7,13.0,backside,ac,lab,2.0,overcast,Occ_Class_2
2023-09-21 13:00:32,23.7,0.3,1795.0,106.0,30.0,44.0,48.0,25.2,13.6,72.2,13.0,backside,ac,lab,2.0,overcast,Occ_Class_2
2023-09-21 13:00:37,23.7,0.3,1795.0,98.0,30.0,44.0,48.0,25.1,13.6,71.0,13.0,backside,ac,lab,2.0,overcast,Occ_Class_2
2023-09-21 13:00:43,31.1,0.3,1793.0,115.0,30.0,44.0,47.0,25.1,13.6,80.7,13.0,backside,ac,lab,2.0,overcast,Occ_Class_2
2023-09-21 13:00:48,31.1,0.3,1792.0,112.0,30.0,44.0,47.0,25.2,13.6,75.4,13.0,backside,ac,lab,2.0,overcast,Occ_Class_2
2023-09-21 13:00:54,31.0,0.3,1791.0,106.0,30.0,44.0,47.0,25.2,13.6,71.9,13.0,backside,ac,lab,2.0,overcast,Occ_Class_2
2023-09-21 13:01:00,21.6,0.3,1790.0,117.0,30.0,44.0,47.0,25.2,13.6,74.9,13.0,backside,ac,lab,2.0,overcast,Occ_Class_2
2023-09-21 13:01:05,20.6,0.3,1790.0,117.0,30.0,44.0,48.0,25.2,13.6,76.4,13.0,backside,ac,lab,2.0,overcast,Occ_Class_2
2023-09-21 13:01:11,31.1,0.3,1790.0,115.0,30.0,44.0,48.0,25.2,13.6,73.5,13.0,backside,ac,lab,2.0,overcast,Occ_Class_2
2023-09-21 13:01:16,31.3,0.3,1790.0,115.0,31.0,44.0,48.0,25.2,13.6,75.5,13.0,backside,ac,lab,2.0,overcast,Occ_Class_2
2023-09-21 13:01:22,27.8,0.3,1791.0,117.0,31.0,44.0,49.0,25.2,13.6,74.7,13.0,backside,ac,lab,2.0,overcast,Occ_Class_2
2023-09-21 13:01:28,29.8,0.3,1792.0,112.0,31.0,44.0,49.0,25.2,13.6,74.5,13.0,backside,ac,lab,2.0,overcast,Occ_Class_2
2023-09-21 13:01:33,29.6,0.3,1793.0,126.0,32.0,44.0,49.0,25.2,13.6,74.1,13.0,backside,ac,lab,2.0,overcast,Occ_Class_2
2023-09-21 13:01:39,31.3,0.3,1795.0,115.0,32.0,43.0,49.0,25.2,13.6,74.2,13.0,backside,ac,lab,2.0,overcast,Occ_Class_2
2023-09-21 13:01:44,30.3,0.3,1797.0,118.0,32.0,43.0,48.0,25.2,13.6,76.9,13.0,backside,ac,lab,2.0,overcast,Occ_Class_2
2023-09-21 13:01:50,29.8,0.3,1798.0,123.0,31.0,42.0,48.0,25.2,13.6,75.6,13.0,backside,ac,lab,2.0,overcast,Occ_Class_2
2023-09-21 13:01:56,29.4,0.3,1798.0,119.0,31.0,42.0,48.0,25.2,13.6,71.5,13.0,backside,ac,lab,2.0,overcast,Occ_Class_2
2023-09-21 13:02:01,31.1,0.3,1798.0,121.0,31.0,42.0,48.0,25.2,13.6,79.3,13.0,backside,ac,lab,2.0,overcast,Occ_Class_2
2023-09-21 13:02:07,31.3,0.3,1800.0,123.0,31.0,43.0,48.0,25.2,13.6,74.2,13.0,backside,ac,lab,2.0,overcast,Occ_Class_2
2023-09-21 13:02:12,31.3,0.3,1801.0,130.0,31.0,43.0,48.0,25.2,13.6,71.3,13.0,backside,ac,lab,2.0,overcast,Occ_Class_2
2023-09-21 13:02:18,29.8,0.3,1801.0,124.0,31.0,43.0,48.0,25.2,13.6,77.2,13.0,backside,ac,lab,2.0,overcast,Occ_Class_2
2023-09-21 13:02:23,29.6,0.3,1802.0,117.0,31.0,44.0,48.0,25.2,13.6,76.4,13.0,backside,ac,lab,2.0,overcast,Occ_Class_2
2023-09-21 13:02:29,31.1,0.3,1802.0,121.0,31.0,44.0,48.0,25.2,13.6,76.7,13.0,backside,ac,lab,2.0,overcast,Occ_Class_2
2023-09-21 13:02:35,31.3,0.3,1801.0,123.0,32.0,45.0,49.0,25.2,13.6,72.2,13.0,backside,ac,lab,2.0,overcast,Occ_Class_2
2023-09-21 13:02:40,30.4,0.3,1802.0,112.0,31.0,44.0,48.0,25.2,13.6,71.3,13.0,backside,ac,lab,2.0,overcast,Occ_Class_2
2023-09-21 13:02:46,29.6,0.3,1803.0,113.0,31.0,44.0,48.0,25.2,13.6,77.0,13.0,backside,ac,lab,2.0,overcast,Occ_Class_2
2023-09-21 13:02:51,29.6,0.3,1803.0,114.0,31.0,44.0,47.0,25.2,13.6,79.8,13.0,backside,ac,lab,2.0,overcast,Occ_Class_2
2023-09-21 13:02:57,31.1,0.3,1803.0,120.0,31.0,43.0,47.0,25.2,13.6,78.1,13.0,backside,ac,lab,2.0,overcast,Occ_Class_2
2023-09-21 13:03:03,31.3,0.3,1802.0,111.0,31.0,43.0,47.0,25.2,13.6,73.6,13.0,backside,ac,lab,2.0,overcast,Occ_Class_2
2023-09-21 13:03:08,31.1,0.3,1803.0,115.0,31.0,43.0,47.0,25.2,13.6,75.3,13.0,backside,ac,lab,2.0,overcast,Occ_Class_2
2023-09-21 13:03:14,29.8,0.3,1803.0,109.0,31.0,43.0,46.0,25.2,13.6,72.3,13.0,backside,ac,lab,2.0,overcast,Occ_Class_2
2023-09-21 13:03:19,28.9,0.3,1803.0,99.0,31.0,43.0,47.0,25.2,13.6,71.7,13.0,backside,ac,lab,2.0,overcast,Occ_Class_2
2023-09-21 13:03:25,31.1,0.3,1803.0,104.0,30.0,42.0,47.0,25.2,13.6,72.8,13.0,backside,ac,lab,2.0,overcast,Occ_Class_2
2023-09-21 13:03:31,29.4,0.3,1802.0,113.0,30.0,42.0,46.0,25.2,13.6,76.9,13.0,backside,ac,lab,2.0,overcast,Occ_Class_2
2023-09-21 13:03:36,31.3,0.3,1803.0,107.0,30.0,42.0,46.0,25.2,13.6,69.7,13.0,backside,ac,lab,2.0,overcast,Occ_Class_2
2023-09-21 13:03:42,29.4,0.3,1804.0,109.0,30.0,42.0,46.0,25.2,13.6,71.0,13.0,backside,ac,lab,2.0,overcast,Occ_Class_2
2023-09-21 13:03:47,31.1,0.3,1806.0,108.0,30.0,43.0,46.0,25.2,13.6,73.5,13.0,backside,ac,lab,2.0,overcast,Occ_Class_2
2023-09-21 13:03:53,31.3,0.3,1807.0,114.0,32.0,44.0,47.0,25.2,13.6,71.0,13.0,backside,ac,lab,2.0,overcast,Occ_Class_2
2023-09-21 13:03:58,31.1,0.3,1809.0,107.0,31.0,43.0,46.0,25.2,13.6,75.7,13.0,backside,ac,lab,2.0,overcast,Occ_Class_2
2023-09-21 13:04:04,31.3,0.3,1809.0,111.0,31.0,44.0,47.0,25.2,13.6,71.3,13.0,backside,ac,lab,2.0,overcast,Occ_Class_2
2023-09-21 13:04:10,29.4,0.3,1810.0,105.0,31.0,44.0,46.0,25.2,13.6,75.3,13.0,backside,ac,lab,2.0,overcast,Occ_Class_2
2023-09-21 13:04:15,31.0,0.3,1812.0,112.0,32.0,43.0,46.0,25.2,13.6,75.9,13.0,backside,ac,lab,2.0,overcast,Occ_Class_2
2023-09-21 13:04:21,31.0,0.3,1812.0,114.0,32.0,43.0,45.0,25.2,13.6,73.2,13.0,backside,ac,lab,2.0,overcast,Occ_Class_2
2023-09-21 13:04:26,31.1,0.3,1812.0,123.0,32.0,43.0,45.0,25.2,13.6,75.7,13.0,backside,ac,lab,2.0,overcast,Occ_Class_2
2023-09-21 13:04:32,31.3,0.3,1813.0,124.0,31.0,43.0,45.0,25.2,13.6,75.1,13.0,backside,ac,lab,2.0,overcast,Occ_Class_2
2023-09-21 13:04:38,29.4,0.3,1814.0,128.0,31.0,43.0,45.0,25.2,13.6,72.1,13.0,backside,ac,lab,2.0,overcast,Occ_Class_2
2023-09-21 13:04:43,31.0,0.3,1815.0,132.0,31.0,44.0,45.0,25.3,13.6,71.9,13.0,backside,ac,lab,2.0,overcast,Occ_Class_2
2023-09-21 13:04:49,31.0,0.3,1815.0,139.0,31.0,44.0,45.0,25.3,13.6,72.6,13.0,backside,ac,lab,2.0,overcast,Occ_Class_2
2023-09-21 13:04:54,31.1,0.3,1816.0,138.0,31.0,44.0,45.0,25.3,13.6,76.1,13.0,backside,ac,lab,2.0,overcast,Occ_Class_2
2023-09-21 13:05:00,31.3,0.3,1816.0,141.0,31.0,44.0,45.0,25.3,13.6,79.7,13.0,backside,ac,lab,2.0,overcast,Occ_Class_2
2023-09-21 13:05:06,28.8,0.3,1817.0,142.0,31.0,45.0,46.0,25.3,13.6,79.2,13.0,backside,ac,lab,2.0,overcast,Occ_Class_2
2023-09-21 13:05:11,31.1,0.3,1818.0,148.0,31.0,45.0,47.0,25.3,13.6,70.3,13.0,backside,ac,lab,2.0,overcast,Occ_Class_2
2023-09-21 13:05:17,31.0,0.3,1819.0,149.0,31.0,46.0,47.0,25.3,13.6,69.7,13.0,backside,ac,lab,2.0,overcast,Occ_Class_2
2023-09-21 13:05:22,31.3,0.3,1819.0,152.0,31.0,46.0,48.0,25.3,13.7,76.0,13.0,backside,ac,lab,2.0,overcast,Occ_Class_2
2023-09-21 13:05:28,31.3,0.3,1820.0,155.0,31.0,46.0,48.0,25.4,13.7,71.8,13.0,backside,ac,lab,2.0,overcast,Occ_Class_2
2023-09-21 13:05:33,31.3,0.3,1820.0,153.0,31.0,46.0,48.0,25.4,13.7,69.9,13.0,backside,ac,lab,2.0,overcast,Occ_Class_2
2023-09-21 13:05:39,31.3,0.3,1821.0,161.0,31.0,46.0,48.0,25.4,13.7,72.7,13.0,backside,ac,lab,2.0,overcast,Occ_Class_2
2023-09-21 13:05:45,30.8,0.3,1821.0,157.0,31.0,45.0,48.0,25.4,13.7,71.5,13.0,backside,ac,lab,2.0,overcast,Occ_Class_2
2023-09-21 13:05:50,31.3,0.3,1822.0,152.0,31.0,44.0,48.0,25.4,13.7,73.0,13.0,backside,ac,lab,2.0,overcast,Occ_Class_2
2023-09-21 13:05:56,31.1,0.3,1822.0,165.0,31.0,44.0,48.0,25.4,13.7,75.7,13.0,backside,ac,lab,2.0,overcast,Occ_Class_2
2023-09-21 13:06:01,31.3,0.3,1822.0,161.0,31.0,44.0,47.0,25.4,13.7,75.0,13.0,backside,ac,lab,2.0,overcast,Occ_Class_2
2023-09-21 13:06:07,31.3,0.3,1822.0,157.0,31.0,44.0,47.0,25.4,13.7,71.0,13.0,backside,ac,lab,2.0,overcast,Occ_Class_2
2023-09-21 13:06:13,31.0,0.3,1823.0,169.0,31.0,44.0,47.0,25.4,13.7,71.7,13.0,backside,ac,lab,2.0,overcast,Occ_Class_2
2023-09-21 13:06:18,31.3,0.3,1823.0,162.0,31.0,44.0,47.0,25.4,13.7,76.7,13.0,backside,ac,lab,2.0,overcast,Occ_Class_2
2023-09-21 13:06:24,31.3,0.3,1824.0,165.0,31.0,44.0,47.0,25.4,13.7,72.0,13.0,backside,ac,lab,2.0,overcast,Occ_Class_2
2023-09-21 13:06:29,27.0,0.3,1824.0,167.0,31.0,44.0,47.0,25.5,13.7,72.4,13.0,backside,ac,lab,2.0,overcast,Occ_Class_2
2023-09-21 13:06:35,27.0,0.3,1824.0,172.0,30.0,44.0,47.0,25.5,13.7,77.1,13.0,backside,ac,lab,2.0,overcast,Occ_Class_2
2023-09-21 13:06:41,31.0,0.3,1825.0,170.0,30.0,43.0,47.0,25.5,13.7,71.5,13.0,backside,ac,lab,2.0,overcast,Occ_Class_2
2023-09-21 13:06:46,31.0,0.3,1825.0,162.0,30.0,43.0,47.0,25.5,13.7,77.3,13.0,backside,ac,lab,2.0,overcast,Occ_Class_2
2023-09-21 13:06:52,27.1,0.3,1825.0,167.0,30.0,43.0,47.0,25.5,13.8,72.3,13.0,backside,ac,lab,2.0,overcast,Occ_Class_2
2023-09-21 13:06:57,27.0,0.3,1825.0,164.0,29.0,43.0,47.0,25.5,13.7,72.2,13.0,backside,ac,lab,2.0,overcast,Occ_Class_2
2023-09-21 13:07:03,27.0,0.3,1825.0,168.0,29.0,42.0,47.0,25.5,13.8,71.3,13.0,backside,ac,lab,2.0,overcast,Occ_Class_2
2023-09-21 13:07:08,31.3,0.3,1826.0,165.0,30.0,43.0,47.0,25.5,13.7,79.7,13.0,backside,ac,lab,2.0,overcast,Occ_Class_2
2023-09-21 13:07:14,31.3,0.3,1825.0,161.0,30.0,43.0,48.0,25.5,13.8,79.6,13.0,backside,ac,lab,2.0,overcast,Occ_Class_2
2023-09-21 13:07:20,27.0,0.3,1826.0,156.0,30.0,43.0,48.0,25.5,13.8,76.8,13.0,backside,ac,lab,2.0,overcast,Occ_Class_2
2023-09-21 13:07:25,27.1,0.3,1826.0,161.0,30.0,44.0,48.0,25.5,13.8,75.9,13.0,backside,ac,lab,2.0,overcast,Occ_Class_2
2023-09-21 13:07:31,31.0,0.3,1826.0,169.0,30.0,44.0,48.0,25.5,13.7,77.4,13.0,backside,ac,lab,2.0,overcast,Occ_Class_2
2023-09-21 13:07:36,31.0,0.3,1826.0,157.0,30.0,45.0,48.0,25.5,13.8,77.7,13.0,backside,ac,lab,2.0,overcast,Occ_Class_2
2023-09-21 13:07:42,31.3,0.3,1827.0,152.0,30.0,45.0,48.0,25.5,13.8,72.3,13.0,backside,ac,lab,2.0,overcast,Occ_Class_2
2023-09-21 13:07:48,26.8,0.3,1827.0,155.0,30.0,46.0,48.0,25.5,13.8,70.9,13.0,backside,ac,lab,2.0,overcast,Occ_Class_2
2023-09-21 13:07:53,27.0,0.3,1827.0,156.0,30.0,46.0,48.0,25.5,13.7,77.8,13.0,backside,ac,lab,2.0,overcast,Occ_Class_2
2023-09-21 13:07:59,31.3,0.3,1826.0,157.0,30.0,46.0,48.0,25.5,13.8,72.8,13.0,backside,ac,lab,2.0,overcast,Occ_Class_2
2023-09-21 13:08:04,31.3,0.3,1827.0,157.0,30.0,47.0,49.0,25.5,13.8,71.0,13.0,backside,ac,lab,2.0,overcast,Occ_Class_2
2023-09-21 13:08:10,30.1,0.3,1827.0,152.0,30.0,47.0,49.0,25.5,13.7,77.2,13.0,backside,ac,lab,2.0,overcast,Occ_Class_2
2023-09-21 13:08:15,26.5,0.3,1827.0,148.0,30.0,47.0,49.0,25.5,13.7,73.3,13.0,backside,ac,lab,2.0,overcast,Occ_Class_2
2023-09-21 13:08:21,26.8,0.3,1826.0,139.0,30.0,46.0,48.0,25.4,13.7,73.9,13.0,backside,ac,lab,2.0,overcast,Occ_Class_2
2023-09-21 13:08:27,31.3,0.3,1825.0,135.0,30.0,46.0,48.0,25.4,13.7,79.1,13.0,backside,ac,lab,2.0,overcast,Occ_Class_2
2023-09-21 13:08:32,31.3,0.3,1824.0,124.0,30.0,46.0,48.0,25.4,13.7,76.6,13.0,backside,ac,lab,2.0,overcast,Occ_Class_2
2023-09-21 13:08:38,24.8,0.3,1824.0,127.0,30.0,45.0,49.0,25.4,13.7,74.3,13.0,backside,ac,lab,2.0,overcast,Occ_Class_2
2023-09-21 13:08:43,26.2,0.3,1823.0,122.0,31.0,45.0,49.0,25.4,13.7,76.2,13.0,backside,ac,lab,2.0,overcast,Occ_Class_2
2023-09-21 13:08:49,25.5,0.3,1821.0,122.0,31.0,45.0,49.0,25.4,13.7,70.8,13.0,backside,ac,lab,2.0,overcast,Occ_Class_2
2023-09-21 13:08:55,31.1,0.3,1820.0,124.0,31.0,45.0,50.0,25.4,13.6,76.2,13.0,backside,ac,lab,2.0,overcast,Occ_Class_2
2023-09-21 13:09:00,31.1,0.3,1820.0,112.0,31.0,45.0,50.0,25.3,13.7,73.6,13.0,backside,ac,lab,2.0,overcast,Occ_Class_2
2023-09-21 13:09:06,24.0,0.3,1820.0,112.0,31.0,45.0,49.0,25.4,13.7,74.1,13.0,backside,ac,lab,2.0,overcast,Occ_Class_2
2023-09-21 13:09:11,25.1,0.3,1820.0,106.0,31.0,45.0,48.0,25.4,13.6,77.1,13.0,backside,ac,lab,2.0,overcast,Occ_Class_2
2023-09-21 13:09:17,31.1,0.3,1821.0,106.0,31.0,45.0,48.0,25.3,13.7,79.0,13.0,backside,ac,lab,2.0,overcast,Occ_Class_2
2023-09-21 13:09:23,30.8,0.3,1820.0,99.0,31.0,45.0,47.0,25.4,13.7,78.8,13.0,backside,ac,lab,2.0,overcast,Occ_Class_2
2023-09-21 13:09:28,31.0,0.3,1820.0,104.0,31.0,44.0,47.0,25.4,13.6,73.9,13.0,backside,ac,lab,2.0,overcast,Occ_Class_2
2023-09-21 13:09:34,21.3,0.3,1820.0,91.0,31.0,44.0,47.0,25.3,13.6,71.3,14.0,backside,ac,lab,2.0,overcast,Occ_Class_2
2023-09-21 13:09:39,21.7,0.3,1821.0,93.0,31.0,45.0,47.0,25.3,13.6,71.3,14.0,backside,ac,lab,2.0,overcast,Occ_Class_2
2023-09-21 13:09:45,30.8,0.3,1822.0,95.0,31.0,44.0,47.0,25.3,13.6,75.1,13.0,backside,ac,lab,2.0,overcast,Occ_Class_2
2023-09-21 13:09:50,31.1,0.3,1823.0,94.0,32.0,44.0,47.0,25.3,13.6,71.7,13.0,backside,ac,lab,2.0,overcast,Occ_Class_2
2023-09-21 13:09:56,29.6,0.3,1823.0,87.0,32.0,44.0,47.0,25.3,13.6,71.7,13.0,backside,ac,lab,2.0,overcast,Occ_Class_2
2023-09-21 13:10:02,29.6,0.3,1824.0,91.0,32.0,44.0,47.0,25.3,13.6,78.2,13.0,backside,ac,lab,2.0,overcast,Occ_Class_2
2023-09-21 13:10:07,31.3,0.3,1825.0,99.0,31.0,44.0,47.0,25.3,13.6,73.8,13.0,backside,ac,lab,2.0,overcast,Occ_Class_2
2023-09-21 13:10:13,31.3,0.3,1827.0,81.0,31.0,44.0,47.0,25.3,13.6,74.7,13.0,backside,ac,lab,2.0,overcast,Occ_Class_2
2023-09-21 13:10:18,30.8,0.3,1828.0,78.0,31.0,44.0,47.0,25.3,13.6,76.2,13.0,backside,ac,lab,2.0,overcast,Occ_Class_2
2023-09-21 13:10:24,29.6,0.3,1828.0,72.0,31.0,43.0,47.0,25.3,13.6,72.8,13.0,backside,ac,lab,2.0,overcast,Occ_Class_2
2023-09-21 13:10:30,29.4,0.3,1828.0,72.0,30.0,43.0,47.0,25.2,13.6,71.6,13.0,backside,ac,lab,2.0,overcast,Occ_Class_2
2023-09-21 13:10:35,31.0,0.3,1828.0,61.0,30.0,42.0,46.0,25.2,13.6,78.9,13.0,backside,ac,lab,2.0,overcast,Occ_Class_2
2023-09-21 13:10:41,31.1,0.3,1827.0,69.0,30.0,42.0,47.0,25.2,13.6,69.9,13.0,backside,ac,lab,2.0,overcast,Occ_Class_2
2023-09-21 13:10:46,31.1,0.3,1828.0,68.0,30.0,42.0,47.0,25.2,13.6,78.2,13.0,backside,ac,lab,2.0,overcast,Occ_Class_2
2023-09-21 13:10:52,29.4,0.3,1827.0,69.0,30.0,42.0,47.0,25.3,13.6,76.5,13.0,backside,ac,lab,2.0,overcast,Occ_Class_2
2023-09-21 13:10:58,29.8,0.3,1827.0,69.0,30.0,42.0,47.0,25.2,13.6,68.9,13.0,backside,ac,lab,2.0,overcast,Occ_Class_2
2023-09-21 13:11:03,31.3,0.3,1827.0,66.0,30.0,42.0,47.0,25.2,13.6,78.1,13.0,backside,ac,lab,2.0,overcast,Occ_Class_2
2023-09-21 13:11:09,31.3,0.3,1828.0,74.0,30.0,42.0,48.0,25.2,13.6,77.9,13.0,backside,ac,lab,2.0,overcast,Occ_Class_2
2023-09-21 13:11:14,30.3,0.3,1828.0,69.0,30.0,43.0,48.0,25.2,13.6,74.1,13.0,backside,ac,lab,2.0,overcast,Occ_Class_2
2023-09-21 13:11:20,29.6,0.3,1828.0,71.0,30.0,43.0,48.0,25.2,13.6,73.2,13.0,backside,ac,lab,2.0,overcast,Occ_Class_2
2023-09-21 13:11:25,29.6,0.3,1828.0,72.0,31.0,43.0,48.0,25.2,13.6,79.0,13.0,backside,ac,lab,2.0,overcast,Occ_Class_2
2023-09-21 13:11:31,29.4,0.3,1828.0,71.0,32.0,45.0,49.0,25.2,13.6,74.9,13.0,backside,ac,lab,2.0,overcast,Occ_Class_2
2023-09-21 13:11:37,31.0,0.3,1828.0,71.0,32.0,45.0,49.0,25.3,13.6,69.7,13.0,backside,ac,lab,2.0,overcast,Occ_Class_2
2023-09-21 13:11:42,29.3,0.3,1828.0,66.0,31.0,44.0,48.0,25.3,13.6,75.4,13.0,backside,ac,lab,2.0,overcast,Occ_Class_2
2023-09-21 13:11:48,29.6,0.3,1828.0,64.0,31.0,45.0,48.0,25.3,13.6,76.7,13.0,backside,ac,lab,2.0,overcast,Occ_Class_2
2023-09-21 13:11:53,27.3,0.3,1828.0,76.0,31.0,45.0,48.0,25.2,13.6,73.9,13.0,backside,ac,lab,2.0,overcast,Occ_Class_2
2023-09-21 13:11:59,31.0,0.3,1829.0,73.0,31.0,46.0,49.0,25.3,13.6,76.7,13.0,backside,ac,lab,2.0,overcast,Occ_Class_2
2023-09-21 13:12:05,31.0,0.3,1829.0,72.0,32.0,47.0,50.0,25.3,13.6,74.9,13.0,backside,ac,lab,2.0,overcast,Occ_Class_2
2023-09-21 13:12:10,29.6,0.3,1829.0,78.0,32.0,47.0,50.0,25.3,13.6,69.3,13.0,backside,ac,lab,2.0,overcast,Occ_Class_2
2023-09-21 13:12:16,29.3,0.3,1828.0,77.0,32.0,47.0,50.0,25.3,13.6,74.6,13.0,backside,ac,lab,2.0,overcast,Occ_Class_2
2023-09-21 13:12:21,31.3,0.3,1827.0,77.0,31.0,46.0,49.0,25.3,13.6,79.9,13.0,backside,ac,lab,2.0,overcast,Occ_Class_2
2023-09-21 13:12:27,31.0,0.3,1826.0,76.0,32.0,47.0,50.0,25.3,13.6,75.0,13.0,backside,ac,lab,2.0,overcast,Occ_Class_2
2023-09-21 13:12:33,31.3,0.3,1826.0,82.0,31.0,45.0,49.0,25.3,13.6,72.9,13.0,backside,ac,lab,2.0,overcast,Occ_Class_2
2023-09-21 13:12:38,29.4,0.3,1826.0,83.0,32.0,46.0,50.0,25.3,13.6,77.0,13.0,backside,ac,lab,2.0,overcast,Occ_Class_2
2023-09-21 13:12:44,29.4,0.3,1825.0,83.0,32.0,46.0,49.0,25.3,13.6,76.1,13.0,backside,ac,lab,2.0,overcast,Occ_Class_2
2023-09-21 13:12:49,31.1,0.3,1825.0,91.0,31.0,45.0,48.0,25.3,13.6,77.0,13.0,backside,ac,lab,2.0,overcast,Occ_Class_2
2023-09-21 13:12:55,31.1,0.3,1825.0,94.0,32.0,45.0,49.0,25.3,13.6,72.4,13.0,backside,ac,lab,2.0,overcast,Occ_Class_2
2023-09-21 13:13:00,31.3,0.3,1824.0,93.0,31.0,44.0,48.0,25.3,13.7,78.3,13.0,backside,ac,lab,2.0,overcast,Occ_Class_2
2023-09-21 13:13:06,29.4,0.3,1824.0,91.0,32.0,44.0,47.0,25.4,13.6,77.7,13.0,backside,ac,lab,2.0,overcast,Occ_Class_2
2023-09-21 13:13:12,29.4,0.3,1824.0,95.0,32.0,45.0,47.0,25.3,13.6,71.2,13.0,backside,ac,lab,2.0,overcast,Occ_Class_2
2023-09-21 13:13:17,31.1,0.3,1824.0,93.0,32.0,45.0,48.0,25.3,13.6,76.2,13.0,backside,ac,lab,2.0,overcast,Occ_Class_2
2023-09-21 13:13:23,31.3,0.3,1825.0,87.0,31.0,45.0,48.0,25.3,13.7,72.8,13.0,backside,ac,lab,2.0,overcast,Occ_Class_2
2023-09-21 13:13:28,31.3,0.3,1825.0,98.0,31.0,45.0,48.0,25.4,13.7,76.0,13.0,backside,ac,lab,2.0,overcast,Occ_Class_2
2023-09-21 13:13:34,29.6,0.3,1825.0,95.0,31.0,45.0,49.0,25.4,13.7,82.0,13.0,backside,ac,lab,2.0,overcast,Occ_Class_2
2023-09-21 13:13:40,31.1,0.3,1825.0,100.0,31.0,45.0,49.0,25.4,13.7,72.6,13.0,backside,ac,lab,2.0,overcast,Occ_Class_2
2023-09-21 13:13:45,31.1,0.3,1825.0,99.0,30.0,45.0,49.0,25.4,13.7,72.7,13.0,backside,ac,lab,2.0,overcast,Occ_Class_2
2023-09-21 13:13:51,31.0,0.3,1824.0,104.0,30.0,45.0,49.0,25.4,13.7,75.5,13.0,backside,ac,lab,2.0,overcast,Occ_Class_2
2023-09-21 13:13:56,31.3,0.3,1823.0,105.0,30.0,45.0,49.0,25.4,13.7,71.7,13.0,backside,ac,lab,2.0,overcast,Occ_Class_2
2023-09-21 13:14:02,29.6,0.3,1823.0,105.0,30.0,45.0,48.0,25.4,13.7,71.9,13.0,backside,ac,lab,2.0,overcast,Occ_Class_2
2023-09-21 13:14:07,31.1,0.3,1824.0,111.0,29.0,45.0,48.0,25.4,13.7,68.9,13.0,backside,ac,lab,2.0,overcast,Occ_Class_2
2023-09-21 13:14:13,31.3,0.3,1825.0,111.0,29.0,45.0,49.0,25.5,13.7,76.4,13.0,backside,ac,lab,2.0,overcast,Occ_Class_2
2023-09-21 13:14:19,30.4,0.3,1824.0,111.0,29.0,45.0,49.0,25.5,13.7,75.9,13.0,backside,ac,lab,2.0,overcast,Occ_Class_2
2023-09-21 13:14:24,31.3,0.3,1823.0,113.0,29.0,45.0,50.0,25.5,13.7,77.2,13.0,backside,ac,lab,2.0,overcast,Occ_Class_2
2023-09-21 13:14:30,29.6,0.3,1822.0,110.0,29.0,45.0,50.0,25.5,13.7,76.5,13.0,backside,ac,lab,2.0,overcast,Occ_Class_2
2023-09-21 13:14:35,30.8,0.3,1822.0,112.0,29.0,45.0,50.0,25.5,13.7,76.2,13.0,backside,ac,lab,2.0,overcast,Occ_Class_2
2023-09-21 13:14:41,31.1,0.3,1823.0,108.0,29.0,45.0,50.0,25.4,13.7,73.8,13.0,backside,ac,lab,2.0,overcast,Occ_Class_2
2023-09-21 13:14:47,31.1,0.3,1822.0,105.0,30.0,44.0,50.0,25.5,13.7,74.2,13.0,backside,ac,lab,2.0,overcast,Occ_Class_2
2023-09-21 13:14:52,31.3,0.3,1822.0,104.0,30.0,45.0,50.0,25.4,13.7,71.4,13.0,backside,ac,lab,2.0,overcast,Occ_Class_2
2023-09-21 13:14:58,29.3,0.3,1822.0,100.0,30.0,45.0,50.0,25.5,13.8,71.4,13.0,backside,ac,lab,2.0,overcast,Occ_Class_2
2023-09-21 13:15:03,27.0,0.3,1823.0,95.0,30.0,45.0,50.0,25.5,13.7,75.3,13.0,backside,ac,lab,2.0,overcast,Occ_Class_2
2023-09-21 13:15:09,27.0,0.3,1823.0,94.0,32.0,47.0,51.0,25.5,13.7,76.3,13.0,backside,ac,lab,2.0,overcast,Occ_Class_2
2023-09-21 13:15:15,31.3,0.3,1823.0,92.0,32.0,47.0,51.0,25.5,13.7,70.0,13.0,backside,ac,lab,2.0,overcast,Occ_Class_2
2023-09-21 13:15:20,31.1,0.3,1823.0,95.0,31.0,46.0,49.0,25.5,13.7,75.8,13.0,backside,ac,lab,2.0,overcast,Occ_Class_2
2023-09-21 13:15:26,27.0,0.3,1822.0,87.0,31.0,46.0,49.0,25.5,13.7,75.3,13.0,backside,ac,lab,2.0,overcast,Occ_Class_2
2023-09-21 13:15:31,27.0,0.3,1822.0,86.0,31.0,46.0,49.0,25.4,13.7,71.0,13.0,backside,ac,lab,2.0,overcast,Occ_Class_2
2023-09-21 13:15:37,27.0,0.3,1822.0,82.0,31.0,46.0,48.0,25.4,13.7,75.5,13.0,backside,ac,lab,2.0,overcast,Occ_Class_2
2023-09-21 13:15:42,31.0,0.3,1823.0,77.0,32.0,47.0,49.0,25.4,13.7,83.2,13.0,backside,ac,lab,2.0,overcast,Occ_Class_2
2023-09-21 13:15:48,31.1,0.3,1823.0,76.0,31.0,46.0,48.0,25.4,13.7,78.6,12.0,backside,ac,lab,2.0,overcast,Occ_Class_2
2023-09-21 13:15:54,26.6,0.3,1822.0,68.0,32.0,46.0,49.0,25.4,13.7,76.2,12.0,backside,ac,lab,2.0,overcast,Occ_Class_2
2023-09-21 13:15:59,26.8,0.3,1822.0,67.0,32.0,45.0,49.0,25.4,13.6,72.0,12.0,backside,ac,lab,2.0,overcast,Occ_Class_2
2023-09-21 13:16:05,30.8,0.3,1822.0,61.0,31.0,45.0,49.0,25.3,13.7,78.8,12.0,backside,ac,lab,2.0,overcast,Occ_Class_2
2023-09-21 13:16:10,31.0,0.3,1823.0,58.0,31.0,45.0,49.0,25.4,13.6,76.8,12.0,backside,ac,lab,2.0,overcast,Occ_Class_2
2023-09-21 13:16:16,31.3,0.3,1824.0,50.0,31.0,44.0,49.0,25.3,13.7,72.4,12.0,backside,ac,lab,2.0,overcast,Occ_Class_2
2023-09-21 13:16:22,26.8,0.3,1824.0,55.0,31.0,44.0,49.0,25.4,13.7,78.3,12.0,backside,ac,lab,2.0,overcast,Occ_Class_2
2023-09-21 13:16:27,26.6,0.3,1825.0,47.0,31.0,44.0,49.0,25.4,13.6,76.2,12.0,backside,ac,lab,2.0,overcast,Occ_Class_2
2023-09-21 13:16:33,30.8,0.3,1825.0,53.0,31.0,45.0,50.0,25.3,13.7,77.1,12.0,backside,ac,lab,2.0,overcast,Occ_Class_2
2023-09-21 13:16:38,31.0,0.3,1828.0,48.0,31.0,46.0,50.0,25.4,13.6,81.8,12.0,backside,ac,lab,2.0,overcast,Occ_Class_2
2023-09-21 13:16:44,26.8,0.3,1830.0,52.0,30.0,45.0,49.0,25.3,13.6,71.2,12.0,backside,ac,lab,2.0,overcast,Occ_Class_2
2023-09-21 13:16:50,26.3,0.3,1831.0,41.0,31.0,45.0,49.0,25.3,13.7,75.9,12.0,backside,ac,lab,2.0,overcast,Occ_Class_2
2023-09-21 13:16:55,26.5,0.3,1832.0,42.0,32.0,46.0,50.0,25.4,13.7,78.6,12.0,backside,ac,lab,2.0,overcast,Occ_Class_2
2023-09-21 13:17:01,31.1,0.3,1833.0,40.0,32.0,46.0,50.0,25.4,13.6,73.5,11.0,backside,ac,lab,2.0,overcast,Occ_Class_2
2023-09-21 13:17:06,31.1,0.3,1835.0,47.0,31.0,45.0,49.0,25.3,13.7,77.5,11.0,backside,ac,lab,2.0,overcast,Occ_Class_2
2023-09-21 13:17:12,26.3,0.3,1835.0,41.0,32.0,47.0,50.0,25.4,13.7,74.9,11.0,backside,ac,lab,2.0,overcast,Occ_Class_2
2023-09-21 13:17:17,26.2,0.3,1835.0,37.0,31.0,46.0,49.0,25.4,13.6,72.5,11.0,backside,ac,lab,2.0,overcast,Occ_Class_2
2023-09-21 13:17:23,25.7,0.3,1836.0,44.0,32.0,47.0,50.0,25.3,13.7,77.7,11.0,backside,ac,lab,2.0,overcast,Occ_Class_2
2023-09-21 13:17:29,31.0,0.3,1836.0,34.0,32.0,47.0,50.0,25.4,13.7,74.7,11.0,backside,ac,lab,2.0,overcast,Occ_Class_2
2023-09-21 13:17:34,30.8,0.3,1836.0,37.0,32.0,48.0,50.0,25.4,13.7,70.5,11.0,backside,ac,lab,2.0,overcast,Occ_Class_2
2023-09-21 13:17:40,25.1,0.3,1836.0,38.0,32.0,48.0,50.0,25.4,13.7,75.3,11.0,backside,ac,lab,2.0,overcast,Occ_Class_2
2023-09-21 13:17:45,24.6,0.3,1836.0,30.0,33.0,49.0,51.0,25.4,13.6,70.8,11.0,backside,ac,lab,2.0,overcast,Occ_Class_2
2023-09-21 13:17:51,31.1,0.3,1835.0,30.0,33.0,49.0,52.0,25.3,13.6,84.4,11.0,backside,ac,lab,2.0,overcast,Occ_Class_2
2023-09-21 13:17:57,30.8,0.3,1835.0,27.0,32.0,48.0,51.0,25.3,13.6,77.5,11.0,backside,ac,lab,2.0,overcast,Occ_Class_2
2023-09-21 13:18:02,30.3,0.3,1835.0,31.0,32.0,48.0,52.0,25.3,13.6,72.0,11.0,backside,ac,lab,2.0,overcast,Occ_Class_2
2023-09-21 13:18:08,22.0,0.3,1835.0,21.0,32.0,48.0,52.0,25.3,13.6,69.5,11.0,backside,ac,lab,2.0,overcast,Occ_Class_2
2023-09-21 13:18:13,24.9,0.3,1836.0,23.0,32.0,48.0,53.0,25.3,13.6,72.1,11.0,backside,ac,lab,2.0,overcast,Occ_Class_2
2023-09-21 13:18:19,31.1,0.3,1836.0,19.0,33.0,49.0,54.0,25.3,13.6,70.3,11.0,backside,ac,lab,2.0,overcast,Occ_Class_2
2023-09-21 13:18:25,31.1,0.3,1837.0,19.0,33.0,49.0,54.0,25.3,13.6,78.1,11.0,backside,ac,lab,2.0,overcast,Occ_Class_2
2023-09-21 13:18:30,29.6,0.3,1838.0,26.0,33.0,49.0,54.0,25.3,13.6,70.6,11.0,backside,ac,lab,2.0,overcast,Occ_Class_2
2023-09-21 13:18:36,31.1,0.3,1838.0,27.0,33.0,49.0,54.0,25.3,13.6,71.2,11.0,backside,ac,lab,2.0,overcast,Occ_Class_2
2023-09-21 13:18:41,30.1,0.3,1839.0,25.0,32.0,48.0,54.0,25.3,13.6,75.5,11.0,backside,ac,lab,2.0,overcast,Occ_Class_2
2023-09-21 13:18:47,31.1,0.3,1840.0,30.0,32.0,48.0,54.0,25.3,13.6,79.1,11.0,backside,ac,lab,2.0,overcast,Occ_Class_2
2023-09-21 13:18:52,31.0,0.3,1840.0,23.0,32.0,48.0,54.0,25.3,13.6,69.3,11.0,backside,ac,lab,2.0,overcast,Occ_Class_2
2023-09-21 13:18:58,29.6,0.3,1841.0,23.0,32.0,48.0,54.0,25.3,13.7,70.9,11.0,backside,ac,lab,2.0,overcast,Occ_Class_2
2023-09-21 13:19:04,31.1,0.3,1841.0,24.0,32.0,48.0,54.0,25.4,13.6,71.7,10.0,backside,ac,lab,2.0,overcast,Occ_Class_1
2023-09-21 13:19:09,31.1,0.3,1842.0,22.0,34.0,49.0,55.0,25.3,13.6,72.2,10.0,backside,ac,lab,2.0,overcast,Occ_Class_1
2023-09-21 13:19:15,31.1,0.3,1842.0,20.0,33.0,48.0,53.0,25.3,13.7,76.6,10.0,backside,ac,lab,2.0,overcast,Occ_Class_1
2023-09-21 13:19:20,31.1,0.3,1841.0,30.0,33.0,48.0,53.0,25.4,13.7,73.5,10.0,backside,ac,lab,2.0,overcast,Occ_Class_1
2023-09-21 13:19:26,29.3,0.3,1840.0,24.0,34.0,49.0,54.0,25.4,13.7,70.9,10.0,backside,ac,lab,2.0,overcast,Occ_Class_1
2023-09-21 13:19:32,31.1,0.3,1840.0,22.0,34.0,49.0,54.0,25.4,13.7,72.8,10.0,backside,ac,lab,2.0,overcast,Occ_Class_1
2023-09-21 13:19:37,31.0,0.3,1840.0,19.0,34.0,49.0,54.0,25.4,13.7,70.7,10.0,backside,ac,lab,2.0,overcast,Occ_Class_1
2023-09-21 13:19:43,31.1,0.3,1840.0,23.0,34.0,49.0,54.0,25.4,13.7,72.0,10.0,backside,ac,lab,2.0,overcast,Occ_Class_1
2023-09-21 13:19:48,29.6,0.3,1839.0,23.0,34.0,49.0,54.0,25.4,13.7,71.3,10.0,backside,ac,lab,2.0,overcast,Occ_Class_1
2023-09-21 13:19:54,27.6,0.3,1839.0,25.0,34.0,49.0,54.0,25.4,13.7,71.5,10.0,backside,ac,lab,2.0,overcast,Occ_Class_1
2023-09-21 13:19:59,31.0,0.3,1839.0,21.0,35.0,49.0,53.0,25.4,13.7,77.7,10.0,backside,ac,lab,2.0,overcast,Occ_Class_1
2023-09-21 13:20:05,31.1,0.3,1839.0,17.0,35.0,49.0,53.0,25.4,13.7,73.8,10.0,backside,ac,lab,2.0,overcast,Occ_Class_1
2023-09-21 13:20:11,31.0,0.3,1839.0,26.0,34.0,48.0,51.0,25.4,13.7,72.9,10.0,backside,ac,lab,2.0,overcast,Occ_Class_1
2023-09-21 13:20:16,29.3,0.3,1838.0,23.0,34.0,48.0,51.0,25.4,13.7,70.3,10.0,backside,ac,lab,2.0,overcast,Occ_Class_1
2023-09-21 13:20:22,29.8,0.3,1838.0,29.0,35.0,49.0,52.0,25.4,13.7,73.4,10.0,backside,ac,lab,2.0,overcast,Occ_Class_1
2023-09-21 13:20:27,31.1,0.3,1838.0,23.0,34.0,48.0,51.0,25.4,13.7,71.7,10.0,backside,ac,lab,2.0,overcast,Occ_Class_1
2023-09-21 13:20:33,31.0,0.3,1838.0,28.0,35.0,49.0,52.0,25.4,13.7,77.0,7.0,backside,ac,lab,2.0,overcast,Occ_Class_1
2023-09-21 13:20:39,30.8,0.3,1838.0,20.0,33.0,49.0,51.0,25.4,13.7,75.1,7.0,backside,ac,lab,2.0,overcast,Occ_Class_1
2023-09-21 13:20:44,29.4,0.3,1837.0,22.0,34.0,50.0,52.0,25.4,13.7,72.3,7.0,backside,ac,lab,2.0,overcast,Occ_Class_1
2023-09-21 13:20:50,29.4,0.3,1837.0,27.0,33.0,49.0,51.0,25.4,13.7,80.6,7.0,backside,ac,lab,2.0,overcast,Occ_Class_1
2023-09-21 13:20:55,31.1,0.3,1836.0,18.0,33.0,49.0,51.0,25.5,13.7,77.3,7.0,backside,ac,lab,2.0,overcast,Occ_Class_1
2023-09-21 13:21:01,31.1,0.3,1836.0,26.0,34.0,49.0,51.0,25.5,13.7,69.6,7.0,backside,ac,lab,2.0,overcast,Occ_Class_1
2023-09-21 13:21:07,30.3,0.3,1835.0,22.0,34.0,49.0,52.0,25.5,13.7,76.5,4.0,backside,ac,lab,2.0,overcast,Occ_Class_1
2023-09-21 13:21:12,29.6,0.3,1835.0,20.0,33.0,48.0,51.0,25.5,13.7,71.6,4.0,backside,ac,lab,2.0,overcast,Occ_Class_1
2023-09-21 13:21:18,29.6,0.3,1834.0,21.0,33.0,48.0,51.0,25.4,13.7,71.4,4.0,backside,ac,lab,2.0,overcast,Occ_Class_1
2023-09-21 13:21:23,31.1,0.3,1833.0,14.0,33.0,48.0,51.0,25.4,13.7,74.2,4.0,backside,ac,lab,2.0,overcast,Occ_Class_1
2023-09-21 13:21:29,31.1,0.3,1833.0,8.0,33.0,48.0,51.0,25.4,13.7,76.1,4.0,backside,ac,lab,2.0,overcast,Occ_Class_1
2023-09-21 13:21:34,29.6,0.3,1832.0,6.0,33.0,48.0,52.0,25.4,13.7,77.8,4.0,backside,ac,lab,2.0,overcast,Occ_Class_1
2023-09-21 13:21:40,28.9,0.3,1831.0,0.0,34.0,48.0,52.0,25.4,13.7,73.7,4.0,backside,ac,lab,2.0,overcast,Occ_Class_1
2023-09-21 13:21:46,28.9,0.3,1829.0,0.0,34.0,48.0,52.0,25.4,13.7,76.1,4.0,backside,ac,lab,2.0,overcast,Occ_Class_1
2023-09-21 13:21:51,31.1,0.3,1826.0,0.0,34.0,48.0,52.0,25.4,13.7,71.4,4.0,backside,ac,lab,2.0,overcast,Occ_Class_1
2023-09-21 13:21:57,31.0,0.3,1825.0,0.0,33.0,48.0,52.0,25.4,13.7,72.5,4.0,backside,ac,lab,2.0,overcast,Occ_Class_1
2023-09-21 13:22:02,29.6,0.3,1823.0,0.0,33.0,48.0,52.0,25.4,13.6,72.8,4.0,backside,ac,lab,2.0,overcast,Occ_Class_1
2023-09-21 13:22:08,29.6,0.3,1822.0,0.0,33.0,48.0,52.0,25.3,13.6,71.5,4.0,backside,ac,lab,2.0,overcast,Occ_Class_1
2023-09-21 13:22:14,31.1,0.3,1820.0,0.0,33.0,48.0,53.0,25.3,13.6,72.7,4.0,backside,ac,lab,2.0,overcast,Occ_Class_1
2023-09-21 13:22:19,31.0,0.3,1819.0,0.0,33.0,48.0,52.0,25.3,13.6,70.5,4.0,backside,ac,lab,2.0,overcast,Occ_Class_1
2023-09-21 13:22:25,30.4,0.3,1818.0,0.0,33.0,48.0,52.0,25.3,13.6,77.3,4.0,backside,ac,lab,2.0,overcast,Occ_Class_1
2023-09-21 13:22:30,29.6,0.3,1816.0,0.0,33.0,48.0,51.0,25.3,13.6,76.4,4.0,backside,ac,lab,2.0,overcast,Occ_Class_1
2023-09-21 13:22:36,29.6,0.3,1815.0,0.0,33.0,48.0,51.0,25.3,13.6,69.9,4.0,backside,ac,lab,2.0,overcast,Occ_Class_1
2023-09-21 13:22:41,31.0,0.3,1814.0,0.0,33.0,48.0,50.0,25.2,13.6,72.6,3.0,backside,ac,lab,2.0,overcast,Occ_Class_1
2023-09-21 13:22:47,31.1,0.3,1812.0,0.0,33.0,48.0,49.0,25.2,13.6,76.2,3.0,backside,ac,lab,2.0,overcast,Occ_Class_1
2023-09-21 13:22:53,31.1,0.3,1810.0,0.0,32.0,47.0,49.0,25.2,13.6,79.0,3.0,backside,ac,lab,2.0,overcast,Occ_Class_1
2023-09-21 13:22:58,29.6,0.3,1807.0,0.0,32.0,47.0,49.0,25.2,13.6,84.6,3.0,backside,ac,lab,2.0,overcast,Occ_Class_1
2023-09-21 13:23:04,29.4,0.3,1806.0,0.0,33.0,48.0,50.0,25.2,13.6,72.8,3.0,backside,ac,lab,2.0,overcast,Occ_Class_1
2023-09-21 13:23:09,30.8,0.3,1806.0,0.0,32.0,46.0,49.0,25.2,13.6,77.0,3.0,backside,ac,lab,2.0,overcast,Occ_Class_1
2023-09-21 13:23:15,26.8,0.3,1804.0,0.0,32.0,46.0,49.0,25.2,13.6,72.6,3.0,backside,ac,lab,2.0,overcast,Occ_Class_1
2023-09-21 13:23:21,31.1,0.3,1803.0,0.0,32.0,46.0,50.0,25.1,13.6,69.2,3.0,backside,ac,lab,2.0,overcast,Occ_Class_1
2023-09-21 13:23:26,29.6,0.3,1802.0,0.0,32.0,46.0,50.0,25.1,13.5,78.1,3.0,backside,ac,lab,2.0,overcast,Occ_Class_1
2023-09-21 13:23:32,26.8,0.3,1800.0,0.0,33.0,48.0,51.0,25.1,13.6,73.6,3.0,backside,ac,lab,2.0,overcast,Occ_Class_1
2023-09-21 13:23:37,26.8,0.3,1798.0,0.0,33.0,48.0,52.0,25.1,13.5,73.4,3.0,backside,ac,lab,2.0,overcast,Occ_Class_1
2023-09-21 13:23:43,27.0,0.3,1796.0,0.0,32.0,48.0,51.0,25.1,13.5,79.6,3.0,backside,ac,lab,2.0,overcast,Occ_Class_1
2023-09-21 13:23:49,31.1,0.3,1794.0,0.0,32.0,48.0,51.0,25.1,13.5,77.4,3.0,backside,ac,lab,2.0,overcast,Occ_Class_1
2023-09-21 13:23:54,29.6,0.3,1792.0,0.0,33.0,49.0,52.0,25.0,13.5,76.4,3.0,backside,ac,lab,2.0,overcast,Occ_Class_1
2023-09-21 13:24:00,26.6,0.3,1792.0,0.0,33.0,49.0,52.0,25.1,13.5,77.0,3.0,backside,ac,lab,2.0,overcast,Occ_Class_1
2023-09-21 13:24:05,26.8,0.3,1792.0,0.0,33.0,50.0,52.0,25.0,13.5,72.4,3.0,backside,ac,lab,2.0,overcast,Occ_Class_1
2023-09-21 13:24:11,31.1,0.3,1792.0,0.0,33.0,50.0,52.0,25.0,13.5,70.3,3.0,backside,ac,lab,2.0,overcast,Occ_Class_1
2023-09-21 13:24:16,31.1,0.3,1791.0,0.0,33.0,50.0,53.0,25.0,13.5,74.7,3.0,backside,ac,lab,2.0,overcast,Occ_Class_1
2023-09-21 13:24:22,29.6,0.3,1791.0,0.0,33.0,50.0,53.0,25.0,13.4,70.6,3.0,backside,ac,lab,2.0,overcast,Occ_Class_1
2023-09-21 13:24:28,26.8,0.3,1791.0,0.0,32.0,49.0,53.0,25.0,13.5,72.6,3.0,backside,ac,lab,2.0,overcast,Occ_Class_1
2023-09-21 13:24:33,26.6,0.3,1789.0,0.0,32.0,49.0,53.0,25.0,13.4,77.0,3.0,backside,ac,lab,2.0,overcast,Occ_Class_1
2023-09-21 13:24:39,31.1,0.3,1789.0,0.0,32.0,49.0,53.0,25.0,13.5,74.1,3.0,backside,ac,lab,2.0,overcast,Occ_Class_1
2023-09-21 13:24:44,31.1,0.3,1788.0,0.0,32.0,49.0,53.0,25.0,13.5,72.8,3.0,backside,ac,lab,2.0,overcast,Occ_Class_1
2023-09-21 13:24:50,26.6,0.3,1787.0,0.0,33.0,50.0,54.0,25.0,13.5,70.6,3.0,backside,ac,lab,2.0,overcast,Occ_Class_1
2023-09-21 13:24:56,26.6,0.3,1787.0,0.0,33.0,49.0,53.0,25.0,13.5,72.1,3.0,backside,ac,lab,2.0,overcast,Occ_Class_1
2023-09-21 13:25:01,26.6,0.3,1786.0,0.0,33.0,49.0,53.0,25.0,13.5,69.2,3.0,backside,ac,lab,2.0,overcast,Occ_Class_1
2023-09-21 13:25:07,31.1,0.3,1785.0,0.0,33.0,49.0,52.0,25.0,13.5,72.7,3.0,backside,ac,lab,2.0,overcast,Occ_Class_1
2023-09-21 13:25:12,31.1,0.3,1784.0,0.0,33.0,48.0,52.0,25.0,13.5,69.7,3.0,backside,ac,lab,2.0,overcast,Occ_Class_1
2023-09-21 13:25:18,26.6,0.3,1782.0,0.0,34.0,48.0,52.0,25.0,13.5,76.0,3.0,backside,ac,lab,2.0,overcast,Occ_Class_1
2023-09-21 13:25:23,26.5,0.3,1781.0,0.0,35.0,49.0,53.0,25.1,13.5,74.3,3.0,backside,ac,lab,2.0,overcast,Occ_Class_1
2023-09-21 13:25:29,25.4,0.3,1780.0,0.0,34.0,48.0,52.0,25.1,13.5,70.0,3.0,backside,ac,lab,2.0,overcast,Occ_Class_1
2023-09-21 13:25:35,31.1,0.3,1779.0,0.0,34.0,48.0,52.0,25.0,13.5,76.9,3.0,backside,ac,lab,2.0,overcast,Occ_Class_1
2023-09-21 13:25:40,31.0,0.3,1778.0,0.0,35.0,49.0,53.0,25.1,13.5,72.7,3.0,backside,ac,lab,2.0,overcast,Occ_Class_1
2023-09-21 13:25:46,25.9,0.3,1778.0,0.0,35.0,49.0,54.0,25.1,13.5,72.2,3.0,backside,ac,lab,2.0,overcast,Occ_Class_1
2023-09-21 13:25:51,25.4,0.3,1777.0,0.0,35.0,49.0,54.0,25.1,13.5,75.3,3.0,backside,ac,lab,2.0,overcast,Occ_Class_1
2023-09-21 13:25:57,30.8,0.3,1775.0,0.0,35.0,49.0,54.0,25.1,13.5,84.6,3.0,backside,ac,lab,2.0,overcast,Occ_Class_1
2023-09-21 13:26:03,31.0,0.3,1774.0,0.0,34.0,48.0,53.0,25.1,13.5,72.5,3.0,backside,ac,lab,2.0,overcast,Occ_Class_1
2023-09-21 13:26:08,30.3,0.3,1772.0,0.0,35.0,49.0,54.0,25.1,13.6,72.7,3.0,backside,ac,lab,2.0,overcast,Occ_Class_1
2023-09-21 13:26:14,24.0,0.3,1771.0,0.0,34.0,48.0,52.0,25.1,13.6,70.3,3.0,backside,ac,lab,2.0,overcast,Occ_Class_1
2023-09-21 13:26:19,23.6,0.3,1770.0,0.0,34.0,48.0,52.0,25.2,13.6,80.9,3.0,backside,ac,lab,2.0,overcast,Occ_Class_1
2023-09-21 13:26:25,31.1,0.3,1768.0,0.0,34.0,48.0,52.0,25.2,13.6,75.9,3.0,backside,ac,lab,2.0,overcast,Occ_Class_1
2023-09-21 13:26:31,31.1,0.3,1767.0,0.0,34.0,48.0,51.0,25.2,13.6,73.0,3.0,backside,ac,lab,2.0,overcast,Occ_Class_1
2023-09-21 13:26:36,21.3,0.3,1765.0,0.0,35.0,49.0,53.0,25.2,13.6,76.2,3.0,backside,ac,lab,2.0,overcast,Occ_Class_1
2023-09-21 13:26:42,31.1,0.3,1763.0,0.0,35.0,49.0,53.0,25.2,13.6,71.0,3.0,backside,ac,lab,2.0,overcast,Occ_Class_1
2023-09-21 13:26:47,30.6,0.3,1761.0,0.0,34.0,48.0,52.0,25.2,13.6,76.6,3.0,backside,ac,lab,2.0,overcast,Occ_Class_1
2023-09-21 13:26:53,31.1,0.3,1759.0,0.0,35.0,49.0,52.0,25.2,13.6,75.7,3.0,backside,ac,lab,2.0,overcast,Occ_Class_1
2023-09-21 13:26:58,30.8,0.3,1757.0,0.0,35.0,49.0,52.0,25.2,13.6,72.3,3.0,backside,ac,lab,2.0,overcast,Occ_Class_1
2023-09-21 13:27:04,30.8,0.3,1755.0,0.0,36.0,50.0,52.0,25.2,13.6,71.8,3.0,backside,ac,lab,2.0,overcast,Occ_Class_1
2023-09-21 13:27:10,31.1,0.3,1754.0,0.0,35.0,49.0,51.0,25.2,13.6,74.2,3.0,backside,ac,lab,2.0,overcast,Occ_Class_1
2023-09-21 13:27:15,31.0,0.3,1753.0,0.0,35.0,50.0,51.0,25.2,13.6,74.8,3.0,backside,ac,lab,2.0,overcast,Occ_Class_1
2023-09-21 13:27:21,31.0,0.3,1751.0,0.0,35.0,50.0,51.0,25.2,13.6,75.0,3.0,backside,ac,lab,2.0,overcast,Occ_Class_1
2023-09-21 13:27:26,31.1,0.3,1749.0,0.0,34.0,49.0,50.0,25.2,13.6,72.2,3.0,backside,ac,lab,2.0,overcast,Occ_Class_1
2023-09-21 13:27:32,30.8,0.3,1747.0,0.0,35.0,50.0,51.0,25.2,13.6,76.7,3.0,backside,ac,lab,2.0,overcast,Occ_Class_1
2023-09-21 13:27:38,31.1,0.3,1746.0,0.0,34.0,49.0,50.0,25.2,13.6,74.6,3.0,backside,ac,lab,2.0,overcast,Occ_Class_1
2023-09-21 13:27:43,31.0,0.3,1745.0,0.0,34.0,50.0,51.0,25.2,13.6,77.1,3.0,backside,ac,lab,2.0,overcast,Occ_Class_1
2023-09-21 13:27:49,31.1,0.3,1744.0,0.0,33.0,49.0,51.0,25.2,13.6,80.0,3.0,backside,ac,lab,2.0,overcast,Occ_Class_1
2023-09-21 13:27:54,27.6,0.3,1744.0,0.0,34.0,50.0,52.0,25.2,13.6,76.8,3.0,backside,ac,lab,2.0,overcast,Occ_Class_1
2023-09-21 13:28:00,31.0,0.3,1743.0,0.0,33.0,49.0,51.0,25.2,13.6,77.9,3.0,backside,ac,lab,2.0,overcast,Occ_Class_1
2023-09-21 13:28:05,31.1,0.3,1742.0,0.0,34.0,50.0,53.0,25.2,13.6,78.2,3.0,backside,ac,lab,2.0,overcast,Occ_Class_1
2023-09-21 13:28:11,30.8,0.3,1741.0,0.0,34.0,50.0,53.0,25.2,13.6,76.2,3.0,backside,ac,lab,2.0,overcast,Occ_Class_1
2023-09-21 13:28:17,30.6,0.3,1740.0,0.0,33.0,48.0,52.0,25.2,13.6,71.7,3.0,backside,ac,lab,2.0,overcast,Occ_Class_1
2023-09-21 13:28:22,29.3,0.3,1738.0,0.0,33.0,48.0,52.0,25.3,13.6,65.9,3.0,backside,ac,lab,2.0,overcast,Occ_Class_1
2023-09-21 13:28:28,31.0,0.3,1737.0,0.0,33.0,48.0,51.0,25.3,13.6,64.3,3.0,backside,ac,lab,2.0,overcast,Occ_Class_1
2023-09-21 13:28:33,31.1,0.3,1736.0,0.0,34.0,49.0,52.0,25.3,13.6,67.0,3.0,backside,ac,lab,2.0,overcast,Occ_Class_1
2023-09-21 13:28:39,31.0,0.3,1734.0,0.0,34.0,48.0,51.0,25.3,13.6,65.5,3.0,backside,ac,lab,2.0,overcast,Occ_Class_1
2023-09-21 13:28:45,31.1,0.3,1733.0,0.0,34.0,48.0,51.0,25.3,13.6,65.9,3.0,backside,ac,lab,2.0,overcast,Occ_Class_1
2023-09-21 13:28:50,29.6,0.3,1731.0,0.0,34.0,48.0,52.0,25.3,13.6,65.2,3.0,backside,ac,lab,2.0,overcast,Occ_Class_1
2023-09-21 13:28:56,31.1,0.3,1730.0,0.0,35.0,50.0,53.0,25.3,13.6,80.9,3.0,backside,ac,lab,2.0,overcast,Occ_Class_1
